tree
version=v4
num_class=1
num_tree_per_iteration=1
label_index=0
max_feature_idx=8
objective=regression
feature_names=sector process_kind share_of_energy output_tonnes_per_year share_grid_electricity share_natural_gas share_coal share_pet_coke share_biomass
feature_infos=-1:1:2:3:0 -1:1:3:5:4:0:2:6 [0.050000000000000003:0.55000000000000004] [2372.0000000000005:58294.800000000003] [0:1] [0:0.85000114026686968] [0:0.55000266562589883] [0:0.15000085411672751] [0:0.2500015644825172]
tree_sizes=718 765 766 765 782 783 766 771 749 757 754 754 757 757 759 766 778 758 769 754 770 756 754 767 758 773 759 679 680 773 770 758 774 760 758 689 787 825 788 585 790 589 802 590 587 777 588 805 592 808 810 587 790 589 808 585 793 763 801 771 589 608 792 765 584 607 793 783 811 590 612 808 764 602 829 671 797 588 693 794 675 806 802 725 836 589 694 676 601 723 791 803 521 793 622 723 804 523 624 794 789 521 827 604 825 799 610 722 795 826 796 789 593 801 788 711 806 827 782 799 539 826 612 798 523 787 813 807 864 797 830 787 542 812 808 508 508 799 808 797 683 798 523 810 716 509 797 800 712 823

Tree=0
num_leaves=7
num_cat=0
split_feature=3 3 3 3 3 3
split_gain=3.39356 0.51026 1.04643 0.0895675 0.0375865 0.0210661
threshold=6088.6500000000024 55954.850000000013 21326.200000000001 3746.8500000000008 5368.9500000000016 3217.1000000000008
decision_type=2 2 2 2 2 2
left_child=3 2 -2 5 -5 -1
right_child=1 -3 -4 4 -6 -7
leaf_value=1.0873745353734221 1.0776749218470059 1.0708379173225591 1.0843698370271306 1.0864845962616771 1.0844509579628949 1.0906210021100318
leaf_weight=30 330 20 70 95 40 14.999999999999998
leaf_count=30 330 20 70 95 40 15
internal_value=1.08091 1.07845 1.07885 1.08663 1.08591 1.08864
internal_weight=600 420 400 180 135 45
internal_count=600 420 400 180 135 45
is_linear=0
shrinkage=1


Tree=1
num_leaves=7
num_cat=0
split_feature=3 3 3 3 3 3
split_gain=3.06912 0.46343 0.945274 0.0818229 0.0338464 0.0194313
threshold=6088.6500000000024 55954.850000000013 21326.200000000001 3746.8500000000008 5368.9500000000016 3217.1000000000008
decision_type=2 2 2 2 2 2
left_child=3 2 -2 5 -5 -1
right_child=1 -3 -4 4 -6 -7
leaf_value=0.0061526115187594014 -0.0030729379803519077 -0.0095915825860131351 0.0032901571768427819 0.0052996451575988129 0.0033691043366405483 0.009256676561199129
leaf_weight=30 330 20 70 95 40 14.999999999999998
leaf_count=30 330 20 70 95 40 15
internal_value=1.28527e-06 -0.00233958 -0.00195397 0.00544606 0.00475661 0.00736604
internal_weight=600 420 400 180 135 45
internal_count=600 420 400 180 135 45
is_linear=0
shrinkage=0.05


Tree=2
num_leaves=7
num_cat=0
split_feature=3 3 3 3 4 3
split_gain=2.7757 0.420897 0.853896 0.0747448 0.0320969 0.0179195
threshold=6088.6500000000024 55954.850000000013 21326.200000000001 3746.8500000000008 0.89999999886877069 3217.1000000000008
decision_type=2 2 2 2 2 2
left_child=3 2 -2 5 -5 -1
right_child=1 -3 -4 4 -6 -7
leaf_value=0.0058549046944526423 -0.0029197550594512647 -0.0091348406814393546 0.003127966287240885 0.0036385249334262636 0.0053519042599124503 0.0088227696716785438
leaf_weight=30 330 20 70 68 67 14.999999999999998
leaf_count=30 330 20 70 68 67 15
internal_value=2.44442e-06 -0.00222372 -0.00185624 0.00518041 0.00452197 0.00701449
internal_weight=600 420 400 180 135 45
internal_count=600 420 400 180 135 45
is_linear=0
shrinkage=0.05


Tree=3
num_leaves=7
num_cat=0
split_feature=3 3 3 3 3 3
split_gain=2.51048 0.382265 0.771352 0.0682573 0.0312706 0.0165219
threshold=6088.6500000000024 55954.850000000013 21326.200000000001 3746.8500000000008 5368.9500000000016 3217.1000000000008
decision_type=2 2 2 2 2 2
left_child=3 2 -2 5 -5 -1
right_child=1 -3 -4 4 -6 -7
leaf_value=0.0055716028327174906 -0.0027742084277859007 -0.0086998483476539452 0.0029737708363440185 0.004816342437334243 0.0029833895571688873 0.0084092024015262733
leaf_weight=30 330 20 70 95 40 14.999999999999998
leaf_count=30 330 20 70 95 40 15
internal_value=3.54858e-06 -0.00211359 -0.0017634 0.00492793 0.00429918 0.00667972
internal_weight=600 420 400 180 135 45
internal_count=600 420 400 180 135 45
is_linear=0
shrinkage=0.05


Tree=4
num_leaves=7
num_cat=0
split_feature=3 3 3 3 3 3
split_gain=2.27047 0.347493 0.802313 0.0623487 0.0329662 0.0152302
threshold=6088.6500000000024 53983.500000000007 21326.200000000001 3746.8500000000008 5949.2500000000009 3217.1000000000008
decision_type=2 2 2 2 2 2
left_child=3 2 -2 5 -5 -1
right_child=1 -3 -4 4 -6 -7
leaf_value=0.0053020091179097374 -0.0026359170536704793 -0.007616598365935855 0.0034055171523835852 0.0037481365888716259 0.0063949313349439766 0.0080150210764259096
leaf_weight=30 330 25 65 120 14.999999999999998 14.999999999999998
leaf_count=30 330 25 65 120 15 15
internal_value=4.476e-06 -0.00200892 -0.00163567 0.00468755 0.00408708 0.00636093
internal_weight=600 420 395 180 135 45
internal_count=600 420 395 180 135 45
is_linear=0
shrinkage=0.05


Tree=5
num_leaves=7
num_cat=0
split_feature=3 3 3 3 3 3
split_gain=2.0538 0.318706 0.631937 0.0628675 0.127683 0.0466834
threshold=6088.6500000000024 55954.850000000013 21326.200000000001 5368.9500000000016 5949.2500000000009 5126.7500000000009
decision_type=2 2 2 2 2 2
left_child=3 2 -2 5 -5 -1
right_child=1 -3 -4 4 -6 -7
leaf_value=0.0045765240656259094 -0.0025045195302072763 -0.0079228744219497979 0.0026981090834941454 0.00035954307985286085 0.0060951690451474866 0.0077302439254708592
leaf_weight=125 330 20 70 25 14.999999999999998 14.999999999999998
leaf_count=125 330 20 70 25 15 15
internal_value=5.63424e-06 -0.00190929 -0.0015896 0.00445965 0.00260661 0.00496685
internal_weight=600 420 400 180 40 140
internal_count=600 420 400 180 40 140
is_linear=0
shrinkage=0.05


Tree=6
num_leaves=7
num_cat=0
split_feature=3 3 3 3 4 3
split_gain=1.8573 0.293909 0.661255 0.0570627 0.0310394 0.0152306
threshold=6088.6500000000024 53983.500000000007 21326.200000000001 3746.8500000000008 0.89999999886877069 3217.1000000000008
decision_type=2 2 2 2 2 2
left_child=3 2 -2 5 -5 -1
right_child=1 -3 -4 4 -6 -7
leaf_value=0.0048240154328185224 -0.0023796716972548423 -0.0069716333278427986 0.0031049596992405982 0.0028364871427808227 0.0044664150579003898 0.0074247924610972406
leaf_weight=30 330 25 65 68 67 14.999999999999998
leaf_count=30 330 25 65 68 67 15
internal_value=6.27044e-06 -0.00181474 -0.00147158 0.00424185 0.00367231 0.0058335
internal_weight=600 420 395 180 135 45
internal_count=600 420 395 180 135 45
is_linear=0
shrinkage=0.05


Tree=7
num_leaves=7
num_cat=0
split_feature=3 3 3 3 3 3
split_gain=1.67979 0.278383 0.665201 0.184102 0.0553464 0.116497
threshold=6088.6500000000024 12338.300000000001 21326.200000000001 9554.1500000000033 5368.9500000000016 5949.2500000000009
decision_type=2 2 2 2 2 2
left_child=4 3 -3 -2 -1 -6
right_child=1 2 -4 -5 5 -7
leaf_value=0.0045099163734468022 -0.001590518190486371 -0.0054288635344036731 0.00024492639618424271 0.0014425134642716544 0.00016513959540484044 0.0056357493820542006
leaf_weight=140 130 120 90 80 25 14.999999999999998
leaf_count=140 130 120 90 80 25 15
internal_value=7.06381e-06 -0.00172475 -0.0030076 -0.000433717 0.00403516 0.00230404
internal_weight=600 420 210 210 180 40
internal_count=600 420 210 210 180 40
is_linear=0
shrinkage=0.05


Tree=8
num_leaves=7
num_cat=0
split_feature=3 3 3 3 3 3
split_gain=1.52084 0.279817 1.2106 0.0613745 0.0811367 0.0564688
threshold=6335.1500000000005 32435.700000000001 21326.200000000001 5368.9500000000016 5949.2500000000009 55954.850000000013
decision_type=2 2 2 2 2 2
left_child=3 2 -2 -1 -5 -3
right_child=1 5 -4 4 -6 -7
leaf_value=0.004286019769926549 -0.0022002770849703555 -0.0035713812306282984 0.0069177983646712656 0.000157200161797496 0.0043795363600587561 -0.0072252753612008841
leaf_weight=140 325 30 40 25 20 20
leaf_count=140 325 30 40 25 20 20
internal_value=7.12489e-06 -0.00167333 -0.00118487 0.00376552 0.00208821 -0.00514595
internal_weight=600 415 365 185 45 50
internal_count=600 415 365 185 45 50
is_linear=0
shrinkage=0.05


Tree=9
num_leaves=7
num_cat=0
split_feature=3 3 3 3 3 3
split_gain=1.37491 0.260979 0.573783 0.167746 0.0496358 0.0304305
threshold=6088.6500000000024 12338.300000000001 21326.200000000001 9554.1500000000033 3746.8500000000008 4346.3000000000002
decision_type=2 2 2 2 2 2
left_child=4 3 -3 -2 -1 -6
right_child=1 2 -4 -5 5 -7
leaf_value=0.0051249062055316961 -0.0014149821779285451 -0.0050505588939971455 0.0002190427405626646 0.0014799339728383924 0.0017777959952379914 0.0035755597098758168
leaf_weight=45 130 120 90 80 35 100
leaf_count=45 130 120 90 80 35 100
internal_value=6.99687e-06 -0.00155979 -0.00280182 -0.00031037 0.00365126 0.00312597
internal_weight=600 420 210 210 180 135
internal_count=600 420 210 210 180 135
is_linear=0
shrinkage=0.05


Tree=10
num_leaves=7
num_cat=0
split_feature=3 3 3 3 3 3
split_gain=1.24429 0.267885 1.0666 0.0538216 0.0761166 0.0512737
threshold=6335.1500000000005 32435.700000000001 21326.200000000001 5368.9500000000016 5949.2500000000009 55954.850000000013
decision_type=2 2 2 2 2 2
left_child=3 2 -2 -1 -5 -3
right_child=1 5 -4 4 -6 -7
leaf_value=0.0038933176590067401 -0.0019886766585328207 -0.0034091712640328033 0.0065696598189633072 -2.2259376978931519e-05 0.0040601334933723721 -0.0068916453979909423
leaf_weight=140 325 30 40 25 20 20
leaf_count=140 325 30 40 25 20 20
internal_value=7.12221e-06 -0.00151289 -0.00103539 0.00340668 0.00184096 -0.00490998
internal_weight=600 415 365 185 45 50
internal_count=600 415 365 185 45 50
is_linear=0
shrinkage=0.05


Tree=11
num_leaves=7
num_cat=0
split_feature=3 3 3 3 3 4
split_gain=1.12564 0.246904 0.956407 0.0465996 0.0437535 0.0300163
threshold=6088.6500000000024 32435.700000000001 21326.200000000001 55954.850000000013 3746.8500000000008 0.89999999886877069
decision_type=2 2 2 2 2 2
left_child=4 2 -2 -3 -1 -6
right_child=1 3 -4 -5 5 -7
leaf_value=0.0046837974678846485 -0.0018481077707226626 -0.0032442114621986668 0.0062491887317198081 -0.0065634716623684478 0.0020207160559104946 0.0035765193375375346
leaf_weight=45 330 30 40 20 68 67
leaf_count=45 330 30 40 20 68 67
internal_value=6.9501e-06 -0.00141071 -0.00095824 -0.00467458 0.00330435 0.00281348
internal_weight=600 420 370 50 180 135
internal_count=600 420 370 50 180 135
is_linear=0
shrinkage=0.05


Tree=12
num_leaves=7
num_cat=0
split_feature=3 3 3 3 3 3
split_gain=1.01867 0.244941 0.474828 0.159742 0.045875 0.0712371
threshold=6335.1500000000005 12338.300000000001 21326.200000000001 9554.1500000000033 5368.9500000000016 5949.2500000000009
decision_type=2 2 2 2 2 2
left_child=4 3 -3 -2 -1 -6
right_child=1 2 -4 -5 5 -7
leaf_value=0.003531838799925878 -0.0012497565749245475 -0.0046098642967148757 0.0001840075985515736 0.0015963215222812178 -0.00015723411925137044 0.0037869921685861688
leaf_weight=140 125 120 90 80 25 20
leaf_count=140 125 120 90 80 25 20
internal_value=7.00806e-06 -0.00136831 -0.00256421 -0.000136734 0.00308295 0.00163997
internal_weight=600 415 210 205 185 45
internal_count=600 415 210 205 185 45
is_linear=0
shrinkage=0.05


Tree=13
num_leaves=7
num_cat=0
split_feature=3 3 3 3 3 5
split_gain=0.921751 0.23497 0.843991 0.0423154 0.038684 0.0297303
threshold=6088.6500000000024 32435.700000000001 21326.200000000001 55954.850000000013 3102.3500000000004 0.39999999163302741
decision_type=2 2 2 2 2 2
left_child=4 2 -2 -3 -1 -6
right_child=1 3 -4 -5 5 -7
leaf_value=0.0050835115613327144 -0.0016709721432485284 -0.0030961370392281924 0.0059353741226581547 -0.0062596877725029894 0.0022695269539552039 0.0039015612758060061
leaf_weight=20 330 30 40 20 120 40
leaf_count=20 330 30 40 20 120 40
internal_value=6.91412e-06 -0.00127595 -0.000834883 -0.00445948 0.00299078 0.00269923
internal_weight=600 420 370 50 180 160
internal_count=600 420 370 50 180 160
is_linear=0
shrinkage=0.05


Tree=14
num_leaves=7
num_cat=0
split_feature=3 3 3 3 3 4
split_gain=0.834122 0.229144 0.411476 0.144292 0.0395369 0.0305526
threshold=6335.1500000000005 12338.300000000001 21326.200000000001 9554.1500000000033 3746.8500000000008 0.89999999886877069
decision_type=2 2 2 2 2 2
left_child=4 3 -3 -2 -1 -6
right_child=1 2 -4 -5 5 -7
leaf_value=0.0040973450224239217 -0.0011048790825981766 -0.0042984178464875117 0.00016428354547415338 0.001600008057775321 0.0015686591191079572 0.0030869856663704128
leaf_weight=45 125 120 90 80 70 70
leaf_count=45 125 120 90 80 70 70
internal_value=7.08117e-06 -0.00123743 -0.00239412 -4.66704e-05 0.00279048 0.00234433
internal_weight=600 415 210 205 185 140
internal_count=600 415 210 205 185 140
is_linear=0
shrinkage=0.05


Tree=15
num_leaves=7
num_cat=1
split_feature=3 0 3 3 3 3
split_gain=0.769614 0.277063 0.432723 0.151983 0.137027 0.166224
threshold=8212.2000000000025 0 10469.65 10307.150000000001 5368.9500000000016 7852.6000000000004
decision_type=2 1 2 2 2 2
left_child=4 2 -2 -3 -1 -6
right_child=1 3 -4 -5 5 -7
leaf_value=0.0030635132696441893 0.0056807487629927126 -0.0063328559567000621 -0.001230091124588481 -0.0024613764698794213 2.6248073675208265e-05 0.004881014000801813
leaf_weight=140 25 35 175 95 110 20
leaf_count=140 25 35 175 95 110 20
internal_value=7.15254e-06 -0.00161049 -0.00032605 -0.00329273 0.00198292 0.000804693
internal_weight=600 330 200 130 270 130
internal_count=600 330 200 130 270 130
cat_boundaries=0 1
cat_threshold=9
is_linear=0
shrinkage=0.05


Tree=16
num_leaves=7
num_cat=1
split_feature=3 0 3 3 3 3
split_gain=0.695442 0.25083 0.408888 0.137735 0.123573 0.150773
threshold=8212.2000000000025 0 32435.700000000001 10307.150000000001 5368.9500000000016 7852.6000000000004
decision_type=2 1 2 2 2 2
left_child=4 2 -2 -3 -1 -6
right_child=1 3 -4 -5 5 -7
leaf_value=0.002911423916830632 0.00098497398191483231 -0.0060250087589439425 -0.0041934368047662372 -0.0023395896215030617 2.4947445306859844e-05 0.0046485847882216892
leaf_weight=140 150 35 50 95 110 20
leaf_count=140 150 35 50 95 110 20
internal_value=7.09666e-06 -0.00153062 -0.000308693 -0.00313121 0.00188524 0.000766332
internal_weight=600 330 200 130 270 130
internal_count=600 330 200 130 270 130
cat_boundaries=0 1
cat_threshold=9
is_linear=0
shrinkage=0.05


Tree=17
num_leaves=7
num_cat=0
split_feature=3 3 3 3 3 3
split_gain=0.631274 0.196927 0.736227 0.0394127 0.0335248 0.0290161
threshold=6335.1500000000005 32435.700000000001 21326.200000000001 55954.850000000013 3102.3500000000004 3842.0500000000006
decision_type=2 2 2 2 2 2
left_child=4 2 -2 -3 -1 -6
right_child=1 3 -4 -5 5 -7
leaf_value=0.0043618071646917434 -0.0014600682397349096 -0.002691844406898224 0.0056497866685343229 -0.0057111670389921147 0.00085844349329515046 0.0025120092028679099
leaf_weight=20 325 30 40 20 35 130
leaf_count=20 325 30 40 20 35 130
internal_value=6.41006e-06 -0.00107626 -0.000667598 -0.00398788 0.00242782 0.00216854
internal_weight=600 415 365 50 185 165
internal_count=600 415 365 50 185 165
is_linear=0
shrinkage=0.05


Tree=18
num_leaves=7
num_cat=1
split_feature=3 0 3 3 3 3
split_gain=0.588017 0.221229 0.388533 0.125098 0.0984742 0.141633
threshold=8212.2000000000025 0 10469.65 10307.150000000001 5368.9500000000016 7852.6000000000004
decision_type=2 1 2 2 2 2
left_child=4 2 -2 -3 -1 -6
right_child=1 3 -4 -5 5 -7
leaf_value=0.0026495793666517203 0.005430477001489355 -0.0056611507663749056 -0.0011179010918236931 -0.0021515857140608813 1.5542006459892603e-05 0.0044967506590875839
leaf_weight=140 25 35 175 95 110 20
leaf_count=140 25 35 175 95 110 20
internal_value=6.38231e-06 -0.00140759 -0.000263309 -0.00291031 0.00173339 0.000734022
internal_weight=600 330 200 130 270 130
internal_count=600 330 200 130 270 130
cat_boundaries=0 1
cat_threshold=9
is_linear=0
shrinkage=0.05


Tree=19
num_leaves=7
num_cat=0
split_feature=3 3 3 3 3 5
split_gain=0.543727 0.359094 0.764536 0.177175 0.103048 0.0996434
threshold=12338.300000000001 21326.200000000001 32435.700000000001 5528.800000000002 10011.050000000001 0.2000000963894733
decision_type=2 2 2 2 2 2
left_child=3 5 -3 -1 -5 -2
right_child=1 2 -4 4 -6 -7
leaf_value=0.0024891103859647971 -0.0049505023874808103 0.005428719307613991 -0.003741921545188947 -0.00036258240611873176 0.0018943702196210464 -0.001930226170348915
leaf_weight=145 74 40 50 175 70 46
leaf_count=145 74 40 50 175 70 46
internal_value=6.36786e-06 -0.00203919 0.000348786 0.00111022 0.000287341 -0.00381825
internal_weight=600 210 90 390 245 120
internal_count=600 210 90 390 245 120
is_linear=0
shrinkage=0.05


Tree=20
num_leaves=7
num_cat=1
split_feature=3 0 3 3 3 3
split_gain=0.494579 0.197008 0.343941 0.117943 0.0759973 0.132202
threshold=8212.2000000000025 0 10469.65 10307.150000000001 5528.800000000002 7852.6000000000004
decision_type=2 1 2 2 2 2
left_child=4 2 -2 -3 -1 -6
right_child=1 3 -4 -5 5 -7
leaf_value=0.0023655072208621526 0.0051434252196206499 -0.0053683304396852493 -0.0010176662263719745 -0.0019648045696461242 -4.5502271156160621e-05 0.0042998855268316606
leaf_weight=145 25 35 175 95 105 20
leaf_count=145 25 35 175 95 105 20
internal_value=5.95187e-06 -0.00129082 -0.000215072 -0.00270838 0.00158981 0.000678368
internal_weight=600 330 200 130 270 125
internal_count=600 330 200 130 270 125
cat_boundaries=0 1
cat_threshold=9
is_linear=0
shrinkage=0.05


Tree=21
num_leaves=7
num_cat=0
split_feature=3 3 3 3 3 3
split_gain=0.459966 0.321239 0.691572 0.146265 0.126516 0.102434
threshold=12338.300000000001 21326.200000000001 32435.700000000001 6088.6500000000024 9554.1500000000033 14909.750000000002
decision_type=2 2 2 2 2 2
left_child=3 5 -3 -1 -5 -2
right_child=1 2 -4 4 -6 -7
leaf_value=0.002062882833666482 -0.0023745649364795294 0.0052135458823702324 -0.0035086084152663164 -0.00083826261409025162 0.0016756098808714962 -0.0054363993806359565
leaf_weight=180 75 40 50 130 80 45
leaf_count=180 75 40 50 130 80 45
internal_value=5.93816e-06 -0.00187547 0.000382597 0.00102121 0.000122806 -0.00355819
internal_weight=600 210 90 390 210 120
internal_count=600 210 90 390 210 120
is_linear=0
shrinkage=0.05


Tree=22
num_leaves=7
num_cat=0
split_feature=3 3 3 3 3 3
split_gain=0.41953 0.224872 0.62562 0.148818 0.111529 0.20618
threshold=11132.650000000001 21326.200000000001 32435.700000000001 14909.750000000002 6088.6500000000024 10011.050000000001
decision_type=2 2 2 2 2 2
left_child=4 3 -3 -2 -1 -6
right_child=1 2 -4 -5 5 -7
leaf_value=0.0019603085240898449 -0.0017297448341093325 0.0049592266389503854 -0.0033366178115601559 -0.005170488446626975 -0.00070725279176568102 0.0033212572387306067
leaf_weight=180 105 40 50 45 140 40
leaf_count=180 105 40 50 45 140 40
internal_value=5.37456e-06 -0.0016101 0.000364404 -0.00278937 0.00108384 0.000201375
internal_weight=600 240 90 150 360 180
internal_count=600 240 90 150 360 180
is_linear=0
shrinkage=0.05


Tree=23
num_leaves=7
num_cat=1
split_feature=3 0 3 3 5 3
split_gain=0.385617 0.183457 0.291123 0.108502 0.0694962 0.0778592
threshold=8212.2000000000025 0 10469.65 10307.150000000001 0.74999991449159664 7852.6000000000004
decision_type=2 1 2 2 2 2
left_child=4 2 -2 -3 5 -1
right_child=1 3 -4 -5 -6 -7
leaf_value=0.00091656136946067612 0.0048204618685234058 -0.0050496982413783878 -0.00084773558919550853 -0.0017883495330655325 0.0042513609188608824 0.0042563687740383967
leaf_weight=233 25 35 175 95 19 18
leaf_count=233 25 35 175 95 19 18
internal_value=5.04732e-06 -0.00114 -0.000113125 -0.00250688 0.00140359 0.00117201
internal_weight=600 330 200 130 270 251
internal_count=600 330 200 130 270 251
cat_boundaries=0 1
cat_threshold=9
is_linear=0
shrinkage=0.05


Tree=24
num_leaves=7
num_cat=0
split_feature=3 3 3 3 5 3
split_gain=0.356196 0.262118 0.565917 0.111692 0.0930183 0.0871423
threshold=12338.300000000001 21326.200000000001 32435.700000000001 5528.800000000002 0.2000000963894733 10011.050000000001
decision_type=2 2 2 2 2 2
left_child=3 4 -3 -1 -2 -5
right_child=1 2 -4 5 -6 -7
leaf_value=0.0019936096408382084 -0.0042604671049242216 0.0047586659827729598 -0.0031315024312147327 -0.00035222529315267988 -0.0013633299220175029 0.0017232002375621191
leaf_weight=145 74 40 50 175 46 70
leaf_count=145 74 40 50 175 46 70
internal_value=5.34062e-06 -0.0016503 0.000388996 0.000898779 -0.00317034 0.000245348
internal_weight=600 210 90 390 120 245
internal_count=600 210 90 390 120 245
is_linear=0
shrinkage=0.05


Tree=25
num_leaves=7
num_cat=1
split_feature=3 0 3 3 3 3
split_gain=0.325503 0.163019 0.268046 0.101557 0.0655802 0.117962
threshold=8212.2000000000025 0 14909.750000000002 10307.150000000001 7852.6000000000004 6335.1500000000005
decision_type=2 1 2 2 2 2
left_child=4 2 -2 -3 5 -1
right_child=1 3 -4 -5 -6 -7
leaf_value=0.0017009167501362424 0.0025290408785539598 -0.0047871047048829501 -0.0013543541485192051 -0.0016348438182527997 0.0039828371777687046 -0.00076418535247670886
leaf_weight=185 65 35 135 95 20 65
leaf_count=185 65 35 135 95 20 65
internal_value=5.021e-06 -0.001047 -8.18742e-05 -0.00233532 0.00128994 0.0010595
internal_weight=600 330 200 130 270 250
internal_count=600 330 200 130 270 250
cat_boundaries=0 1
cat_threshold=9
is_linear=0
shrinkage=0.05


Tree=26
num_leaves=7
num_cat=0
split_feature=3 3 3 3 3 3
split_gain=0.30055 0.240682 0.511884 0.0907834 0.100439 0.0841215
threshold=12338.300000000001 21326.200000000001 32435.700000000001 6088.6500000000024 9554.1500000000033 14909.750000000002
decision_type=2 2 2 2 2 2
left_child=3 5 -3 -1 -5 -2
right_child=1 2 -4 4 -6 -7
leaf_value=0.0016461013793946601 -0.0019058304293330846 0.0045926021151500183 -0.0029116075080203117 -0.00073881962748496789 0.0015010463918220069 -0.0046707603397131295
leaf_weight=180 75 40 50 130 80 45
leaf_count=180 75 40 50 130 80 45
internal_value=4.74268e-06 -0.00151608 0.000437414 0.000825432 0.000117533 -0.00297271
internal_weight=600 210 90 390 210 120
internal_count=600 210 90 390 210 120
is_linear=0
shrinkage=0.05


Tree=27
num_leaves=6
num_cat=0
split_feature=3 3 3 5 4
split_gain=0.275386 0.163839 0.178334 0.0628495 0.0523076
threshold=8398.6000000000004 8892.2500000000018 11132.650000000001 0.74999991449159664 0.89999999878372217
decision_type=2 2 2 2 2
left_child=3 -2 -3 4 -1
right_child=1 2 -4 -5 -6
leaf_value=0.00013796814523202479 -0.0052682957345885897 0.0017237518822438406 -0.0013042207696140336 0.0037856953872722533 0.0015637527806644234
leaf_weight=116 20 60 240 20 144
leaf_count=116 20 60 240 20 144
internal_value=4.29863e-06 -0.00099627 -0.000694911 0.00114728 0.000930599
internal_weight=600 320 300 280 260
internal_count=600 320 300 280 260
is_linear=0
shrinkage=0.05


Tree=28
num_leaves=6
num_cat=0
split_feature=3 3 3 5 4
split_gain=0.248959 0.148726 0.161136 0.0570878 0.0472411
threshold=8398.6000000000004 8892.2500000000018 11132.650000000001 0.74999991449159664 0.89999999878372217
decision_type=2 2 2 2 2
left_child=3 -2 -3 4 -1
right_child=1 2 -4 -5 -6
leaf_value=0.00013112869326614289 -0.0050174242683819368 0.0016389772383740447 -0.0012392803464573712 0.0036054242696125244 0.0014861043801020373
leaf_weight=116 20 60 240 20 144
leaf_count=116 20 60 240 20 144
internal_value=4.13684e-06 -0.000947211 -0.000660096 0.00109089 0.000884395
internal_weight=600 320 300 280 260
internal_count=600 320 300 280 260
is_linear=0
shrinkage=0.05


Tree=29
num_leaves=7
num_cat=0
split_feature=3 3 3 3 3 3
split_gain=0.22602 0.224336 0.286755 0.264026 0.0775879 0.0732998
threshold=12338.300000000001 16798.500000000004 32435.700000000001 14909.750000000002 5368.9500000000016 11795.800000000001
decision_type=2 2 2 2 2 2
left_child=4 3 -3 -2 -1 -6
right_child=1 2 -4 -5 5 -7
leaf_value=0.0016536208440992217 -0.0016862909733869236 0.0023477490385244671 -0.0026442002590048269 -0.0080655162710519066 -3.6865919605203341e-05 0.0034605445980560035
leaf_weight=140 75 65 50 20 235 14.999999999999998
leaf_count=140 75 65 50 20 235 15
internal_value=3.9803e-06 -0.00131487 0.000173252 -0.00309931 0.000715675 0.00018593
internal_weight=600 210 115 95 390 250
internal_count=600 210 115 95 390 250
is_linear=0
shrinkage=0.05


Tree=30
num_leaves=7
num_cat=1
split_feature=3 0 3 3 3 3
split_gain=0.208573 0.153682 0.221473 0.0908407 0.065074 0.0913912
threshold=8212.2000000000025 0 10469.65 10307.150000000001 7852.6000000000004 6335.1500000000005
decision_type=2 1 2 2 2 2
left_child=4 2 -2 -3 5 -1
right_child=1 3 -4 -5 -6 -7
leaf_value=0.0013685131753777323 0.0043917438660103546 -0.0043976101143117481 -0.00055211503753195177 -0.0014200653087148871 0.003710557790362232 -0.00080021232257202054
leaf_weight=185 25 35 175 95 20 65
leaf_count=185 25 35 175 95 20 65
internal_value=3.36774e-06 -0.000838753 8.06308e-05 -0.00208965 0.00103192 0.000803703
internal_weight=600 330 200 130 270 250
internal_count=600 330 200 130 270 250
cat_boundaries=0 1
cat_threshold=9
is_linear=0
shrinkage=0.05


Tree=31
num_leaves=7
num_cat=0
split_feature=3 3 3 3 3 3
split_gain=0.192483 0.163575 0.431768 0.114188 0.0761968 0.200958
threshold=11132.650000000001 21326.200000000001 32435.700000000001 14909.750000000002 10011.050000000001 8398.6000000000004
decision_type=2 2 2 2 2 2
left_child=4 3 -3 -2 5 -1
right_child=1 2 -4 -5 -6 -7
leaf_value=0.00094800977772704551 -0.0011734938262857471 0.0044050539616586233 -0.0024875181116501568 -0.0041793432843405757 0.0027644814787114542 -0.0028000069679919542
leaf_weight=280 105 40 50 45 40 40
leaf_count=280 105 40 50 45 40 40
internal_value=3.39077e-06 -0.00109086 0.000590591 -0.00209695 0.00073389 0.000472244
internal_weight=600 240 90 150 360 320
internal_count=600 240 90 150 360 320
is_linear=0
shrinkage=0.05


Tree=32
num_leaves=7
num_cat=0
split_feature=3 3 3 3 3 3
split_gain=0.175634 0.191401 0.240379 0.231416 0.0602792 0.0680991
threshold=12338.300000000001 16798.500000000004 32435.700000000001 14909.750000000002 4824.5000000000009 11795.800000000001
decision_type=2 2 2 2 2 2
left_child=4 3 -3 -2 -1 -6
right_child=1 2 -4 -5 5 -7
leaf_value=0.0016165850251684437 -0.0014865345548299193 0.0022049954475016529 -0.002365580949631027 -0.0074561362110433134 4.7134663043123552e-05 0.0034063428540321186
leaf_weight=110 75 65 50 20 265 14.999999999999998
leaf_count=110 75 65 50 20 265 15
internal_value=3.01136e-06 -0.00115958 0.000214526 -0.00280787 0.000630384 0.000238574
internal_weight=600 210 115 95 390 280
internal_count=600 210 115 95 390 280
is_linear=0
shrinkage=0.05


Tree=33
num_leaves=7
num_cat=0
split_feature=3 3 3 3 3 3
split_gain=0.161213 0.144022 0.364403 0.0980623 0.0707336 0.178615
threshold=11132.650000000001 21326.200000000001 32435.700000000001 14909.750000000002 10011.050000000001 8398.6000000000004
decision_type=2 2 2 2 2 2
left_child=4 3 -3 -2 5 -1
right_child=1 2 -4 -5 -6 -7
leaf_value=0.00086771082706291278 -0.0010872180313355167 0.0040826125252174167 -0.0022496210949897182 -0.0038727473519469171 0.0026273294556431654 -0.0026657205086383154
leaf_weight=280 105 40 50 45 40 40
leaf_count=280 105 40 50 45 40 40
internal_value=2.52522e-06 -0.000998901 0.000578642 -0.00194299 0.00067106 0.000419103
internal_weight=600 240 90 150 360 320
internal_count=600 240 90 150 360 320
is_linear=0
shrinkage=0.05


Tree=34
num_leaves=7
num_cat=0
split_feature=3 3 3 3 3 3
split_gain=0.145635 0.130268 0.32966 0.08875 0.0640498 0.161527
threshold=11132.650000000001 21326.200000000001 32435.700000000001 14909.750000000002 10011.050000000001 8398.6000000000004
decision_type=2 2 2 2 2 2
left_child=4 3 -3 -2 5 -1
right_child=1 2 -4 -5 -6 -7
leaf_value=0.00082447968934599666 -0.0010333699500407884 0.0038834607682940434 -0.0021393455412037961 -0.0036833195628233903 0.0024991670964149442 -0.0025356852722058939
leaf_weight=280 105 40 50 45 40 40
leaf_count=280 105 40 50 45 40 40
internal_value=2.20782e-06 -0.000949604 0.000550717 -0.00184748 0.000637622 0.000397868
internal_weight=600 240 90 150 360 320
internal_count=600 240 90 150 360 320
is_linear=0
shrinkage=0.05


Tree=35
num_leaves=6
num_cat=0
split_feature=3 3 3 3 3
split_gain=0.135427 0.0926252 0.150981 0.0381566 0.0659289
threshold=6088.6500000000024 55954.850000000013 21326.200000000001 5949.2500000000009 5528.800000000002
decision_type=2 2 2 2 2
left_child=3 2 -2 4 -1
right_child=1 -3 -4 -5 -6
leaf_value=0.0012853141982516606 -0.0007670939544580169 -0.003727311694196293 0.0017742289256871824 0.0034871729476435576 -0.0017184721372489418
leaf_weight=145 330 20 70 14.999999999999998 20
leaf_count=145 330 20 70 15 20
internal_value=1.9157e-06 -0.000489813 -0.000319047 0.00114565 0.00091306
internal_weight=600 420 400 180 165
internal_count=600 420 400 180 165
is_linear=0
shrinkage=0.05


Tree=36
num_leaves=7
num_cat=0
split_feature=3 3 3 3 3 3
split_gain=0.130152 0.152991 0.191922 0.181576 0.053756 0.10794
threshold=12338.300000000001 16798.500000000004 14909.750000000002 32435.700000000001 11795.800000000001 11132.650000000001
decision_type=2 2 2 2 2 2
left_child=4 2 -2 -3 5 -1
right_child=1 3 -4 -5 -6 -7
leaf_value=0.00059667666872558281 -0.0012707015303404709 0.0019588911256781132 -0.0067047413970742903 -0.0020135743472743414 0.0033820306900906871 -0.0036014970159158111
leaf_weight=360 75 65 20 50 14.999999999999998 14.999999999999998
leaf_count=360 75 65 20 50 15 15
internal_value=1.84768e-06 -0.00099895 -0.00247263 0.000229263 0.000541915 0.000419618
internal_weight=600 210 95 115 390 375
internal_count=600 210 95 115 390 375
is_linear=0
shrinkage=0.05


Tree=37
num_leaves=7
num_cat=0
split_feature=3 3 3 3 3 3
split_gain=0.117776 0.1504 0.254631 0.0488945 0.0979713 0.0259104
threshold=12338.300000000001 14408.500000000002 14909.750000000002 11795.800000000001 11132.650000000001 13792.100000000002
decision_type=2 2 2 2 2 2
left_child=3 5 -3 4 -1 -2
right_child=1 2 -4 -5 -6 -7
leaf_value=0.00056692546266105305 -0.0023512824575173791 0.0058681555834482427 -0.00080024090463720165 0.0032234979264103461 -0.0034326768945902586 -0.0048462300328537822
leaf_weight=360 45 14.999999999999998 135 14.999999999999998 14.999999999999998 14.999999999999998
leaf_count=360 45 15 135 15 15 15
internal_value=1.1186e-06 -0.000950905 -9.89555e-05 0.000514868 0.000398237 -0.00304424
internal_weight=600 210 150 390 375 60
internal_count=600 210 150 390 375 60
is_linear=0
shrinkage=0.05


Tree=38
num_leaves=7
num_cat=1
split_feature=3 0 3 3 3 3
split_gain=0.109925 0.0813457 0.187799 0.0716018 0.0348942 0.05963
threshold=6088.6500000000024 0 10469.65 8212.2000000000025 5949.2500000000009 5528.800000000002
decision_type=2 1 2 2 2 2
left_child=4 2 -2 -3 5 -1
right_child=1 3 -4 -5 -6 -7
leaf_value=0.0011637070474983513 0.0038802968094035261 -1.0795403964990793e-05 -0.00034059682963991442 -0.0018743553797168772 0.0032691679705749268 -0.0016920497020085652
leaf_weight=145 30 85 175 130 14.999999999999998 20
leaf_count=145 30 85 175 130 15 20
internal_value=9.15262e-07 -0.000442102 0.000279371 -0.00109057 0.00103135 0.000809447
internal_weight=600 420 205 215 180 165
internal_count=600 420 205 215 180 165
cat_boundaries=0 1
cat_threshold=9
is_linear=0
shrinkage=0.05


Tree=39
num_leaves=5
num_cat=0
split_feature=3 5 3 3
split_gain=0.100664 0.105812 0.124349 0.0156094
threshold=55954.850000000013 0.74999999488503477 12338.300000000001 16798.500000000004
decision_type=2 2 2 2
left_child=1 2 -1 -3
right_child=-2 3 -4 -5
leaf_value=0.000384829194297561 -0.0033996105992368294 0.0011743321578736262 -0.0013178345326442945 0.0028336492155424577
leaf_weight=369 20 29 150 32
leaf_count=369 20 29 150 32
internal_value=1.2352e-06 0.000124155 -0.000108858 0.00207646
internal_weight=600 580 519 61
internal_count=600 580 519 61
is_linear=0
shrinkage=0.05


Tree=40
num_leaves=7
num_cat=1
split_feature=3 0 3 3 3 3
split_gain=0.0952026 0.0752461 0.165952 0.0619876 0.0318598 0.0540807
threshold=6088.6500000000024 0 10469.65 8212.2000000000025 5949.2500000000009 5528.800000000002
decision_type=2 1 2 2 2 2
left_child=4 2 -2 -3 5 -1
right_child=1 3 -4 -5 -6 -7
leaf_value=0.001085729042670334 0.0036675527419579492 -3.1115701097215334e-05 -0.00030029431211666888 -0.0017653072882712045 0.0030978868016973138 -0.0016335606087176575
leaf_weight=145 30 85 175 130 14.999999999999998 20
leaf_count=145 30 85 175 130 15 20
internal_value=1.1464e-06 -0.000411137 0.000281677 -0.00103509 0.000960099 0.000748263
internal_weight=600 420 205 215 180 165
internal_count=600 420 205 215 180 165
cat_boundaries=0 1
cat_threshold=9
is_linear=0
shrinkage=0.05


Tree=41
num_leaves=5
num_cat=0
split_feature=3 5 3 3
split_gain=0.0905148 0.0956124 0.104309 0.0148306
threshold=55954.850000000013 0.74999999488503477 12338.300000000001 16798.500000000004
decision_type=2 2 2 2
left_child=1 2 -1 -3
right_child=-2 3 -4 -5
leaf_value=0.00034866021581094814 -0.003223424657647099 0.0010973144602030517 -0.0012107831967180435 0.0027108198666775771
leaf_weight=369 20 29 150 32
leaf_count=369 20 29 150 32
internal_value=1.43193e-06 0.000117991 -0.000103508 0.00197381
internal_weight=600 580 519 61
internal_count=600 580 519 61
is_linear=0
shrinkage=0.05


Tree=42
num_leaves=7
num_cat=1
split_feature=3 0 3 3 3 3
split_gain=0.0825362 0.0694731 0.14908 0.0536971 0.0290847 0.0490497
threshold=6088.6500000000024 0 14909.750000000002 8212.2000000000025 5949.2500000000009 5528.800000000002
decision_type=2 1 2 2 2 2
left_child=4 2 -2 -3 5 -1
right_child=1 3 -4 -5 -6 -7
leaf_value=0.0010134752722989692 0.0021518024784827629 -4.8549330067755875e-05 -0.00067514360853238031 -0.0016628507546723272 0.0029363299428950998 -0.0015759399781624479
leaf_weight=145 70 85 135 130 14.999999999999998 20
leaf_count=145 70 85 135 130 15 20
internal_value=1.33724e-06 -0.000382542 0.000282215 -0.000982339 0.000894221 0.000692004
internal_weight=600 420 205 215 180 165
internal_count=600 420 205 215 180 165
cat_boundaries=0 1
cat_threshold=9
is_linear=0
shrinkage=0.05


Tree=43
num_leaves=5
num_cat=0
split_feature=3 5 3 3
split_gain=0.0803943 0.0865858 0.0875831 0.0148169
threshold=55954.850000000013 0.74999999488503477 12338.300000000001 16798.500000000004
decision_type=2 2 2 2
left_child=1 2 -1 -3
right_child=-2 3 -4 -5
leaf_value=0.00031485790629065725 -0.003037778651785283 0.0010065194137860089 -0.0011141005114016945 0.0026121203914623373
leaf_weight=369 20 29 150 32
leaf_count=369 20 29 150 32
internal_value=1.44834e-06 0.000111297 -9.94841e-05 0.00187735
internal_weight=600 580 519 61
internal_count=600 580 519 61
is_linear=0
shrinkage=0.05


Tree=44
num_leaves=5
num_cat=0
split_feature=3 3 3 3
split_gain=0.0730211 0.100689 0.188527 0.111572
threshold=53983.500000000007 21326.200000000001 14909.750000000002 32435.700000000001
decision_type=2 2 2 2
left_child=1 2 -1 -3
right_child=-2 3 -4 -5
leaf_value=0.00018244754107591053 -0.0025905588713402931 0.0035626163388170849 -0.0031728139622946797 -0.00065260887540017189
leaf_weight=465 25 40 45 25
leaf_count=465 25 40 45 25
internal_value=1.35777e-06 0.000118352 -0.000119235 0.00195605
internal_weight=600 575 510 65
internal_count=600 575 510 65
is_linear=0
shrinkage=0.05


Tree=45
num_leaves=7
num_cat=1
split_feature=3 0 3 3 3 3
split_gain=0.0701601 0.0666434 0.133322 0.04654 0.0271624 0.0386904
threshold=6088.6500000000024 0 10469.65 8212.2000000000025 3102.3500000000004 3842.0500000000006
decision_type=2 1 2 2 2 2
left_child=4 2 -2 -3 -1 -6
right_child=1 3 -4 -5 5 -7
leaf_value=0.0025194604409902936 0.0033334217849187555 -7.2334734939558568e-05 -0.00022314407582267782 -0.0015755491007745038 -0.00085388323382681441 0.0010081572194827633
leaf_weight=20 30 85 175 130 35 125
leaf_count=20 30 85 175 130 35 125
internal_value=1.06769e-06 -0.000352862 0.000296587 -0.000940786 0.000824291 0.000598062
internal_weight=600 420 205 215 180 160
internal_count=600 420 205 215 180 160
cat_boundaries=0 1
cat_threshold=9
is_linear=0
shrinkage=0.05


Tree=46
num_leaves=5
num_cat=0
split_feature=3 3 3 3
split_gain=0.0663243 0.0782753 0.169047 0.117727
threshold=55954.850000000013 21326.200000000001 14909.750000000002 32435.700000000001
decision_type=2 2 2 2
left_child=1 2 -1 -3
right_child=-2 3 -4 -5
leaf_value=0.00017048743697230069 -0.0027591366520417588 0.0033997152886557874 -0.0030067073019302412 -0.00070221523844426689
leaf_weight=465 20 40 45 30
leaf_count=465 20 40 45 30
internal_value=1.35839e-06 0.000101133 -0.000115189 0.00165661
internal_weight=600 580 510 70
internal_count=600 580 510 70
is_linear=0
shrinkage=0.05


Tree=47
num_leaves=7
num_cat=1
split_feature=3 0 3 3 3 3
split_gain=0.062067 0.0626737 0.118733 0.04281 0.0264166 0.0448474
threshold=6088.6500000000024 0 10469.65 14050.250000000002 5949.2500000000009 5528.800000000002
decision_type=2 1 2 2 2 2
left_child=4 2 -2 -3 5 -1
right_child=1 3 -4 -5 -6 -7
leaf_value=0.00089094516859479153 0.0031638778150907807 -0.00074067993665262325 -0.0001925210190000309 -0.0034390814256767045 0.0027201293210964653 -0.0015839960071302598
leaf_weight=145 30 200 175 14.999999999999998 14.999999999999998 20
leaf_count=145 30 200 175 15 15 20
internal_value=1.0494e-06 -0.000331842 0.000297206 -0.000902221 0.000775338 0.000583217
internal_weight=600 420 205 215 180 165
internal_count=600 420 205 215 180 165
cat_boundaries=0 1
cat_threshold=9
is_linear=0
shrinkage=0.05


Tree=48
num_leaves=5
num_cat=0
split_feature=3 5 3 3
split_gain=0.0597289 0.0747588 0.064092 0.0122253
threshold=55954.850000000013 0.74999999488503477 12338.300000000001 16798.500000000004
decision_type=2 2 2 2
left_child=1 2 -1 -3
right_child=-2 3 -4 -5
leaf_value=0.00025438388243216923 -0.0026185813759054457 0.00094403427947933492 -0.00096802087149903526 0.0024047991918809148
leaf_weight=369 20 29 150 32
leaf_count=369 20 29 150 32
internal_value=1.06502e-06 9.57492e-05 -0.000100094 0.00173676
internal_weight=600 580 519 61
internal_count=600 580 519 61
is_linear=0
shrinkage=0.05


Tree=49
num_leaves=7
num_cat=0
split_feature=3 5 3 3 3 3
split_gain=0.0574452 0.0550638 0.0567217 0.0522142 0.0330176 0.0363937
threshold=3746.8500000000008 0.74999999488503477 12338.300000000001 32435.700000000001 3217.1000000000008 3060.7000000000003
decision_type=2 2 2 2 2 2
left_child=4 2 -2 -3 5 -1
right_child=1 3 -4 -5 -6 -7
leaf_value=0.0023635118268430229 5.5415897295907414e-05 0.0020647466863382004 -0.001087354010712367 -0.00093088380637623008 0.0035388950360356834 -0.0010175320625421592
leaf_weight=15.000000000000002 325 48 162 20 14.999999999999998 14.999999999999998
leaf_count=15 325 48 162 20 15 15
internal_value=1.01315e-06 -0.000139477 -0.000326174 0.00118296 0.00169909 0.000694699
internal_weight=600 555 487 68 45 30
internal_count=600 555 487 68 45 30
is_linear=0
shrinkage=0.05


Tree=50
num_leaves=7
num_cat=0
split_feature=3 5 3 3 3 3
split_gain=0.0521594 0.0497594 0.0512236 0.0472674 0.0299948 0.0330617
threshold=3746.8500000000008 0.74999999488503477 12338.300000000001 32435.700000000001 3217.1000000000008 3060.7000000000003
decision_type=2 2 2 2 2 2
left_child=4 2 -2 -3 5 -1
right_child=1 3 -4 -5 -6 -7
leaf_value=0.0022527223685756322 5.2653632606693943e-05 0.0019636162668371536 -0.0010333198586734516 -0.00088655605823511176 0.0033730093535268681 -0.00096983528783312067
leaf_weight=15.000000000000002 325 48 162 20 14.999999999999998 14.999999999999998
leaf_count=15 325 48 162 20 15 15
internal_value=1.37739e-06 -0.000132494 -0.000309971 0.00112463 0.00161944 0.000662135
internal_weight=600 555 487 68 45 30
internal_count=600 555 487 68 45 30
is_linear=0
shrinkage=0.05


Tree=51
num_leaves=5
num_cat=0
split_feature=3 3 3 3
split_gain=0.0501487 0.0738242 0.142417 0.100352
threshold=55954.850000000013 21326.200000000001 14909.750000000002 32435.700000000001
decision_type=2 2 2 2
left_child=1 2 -1 -3
right_child=-2 3 -4 -5
leaf_value=0.00014064140640128111 -0.0023986785096072015 0.0032081424832207765 -0.002775593496778089 -0.00058061803717845907
leaf_weight=465 20 40 45 30
leaf_count=465 20 40 45 30
internal_value=1.70387e-06 8.84618e-05 -0.000121602 0.00159908
internal_weight=600 580 510 70
internal_count=600 580 510 70
is_linear=0
shrinkage=0.05


Tree=52
num_leaves=7
num_cat=0
split_feature=3 3 3 3 3 4
split_gain=0.0469628 0.0612948 0.0997289 0.0384459 0.0597622 0.00482813
threshold=4824.5000000000009 5126.7500000000009 5368.9500000000016 4346.3000000000002 3746.8500000000008 0.9000000015921682
decision_type=2 2 2 2 2 2
left_child=3 -2 -3 4 -1 -5
right_child=1 2 -4 5 -6 -7
leaf_value=0.0015366516610020367 -0.0032525539252674209 0.0037752208998426797 -0.00024027227472191691 0.001604975479131099 -0.0011843700304679161 0.0030954441986978058
leaf_weight=45 14.999999999999998 14.999999999999998 460 15 35 15
leaf_count=45 15 15 460 15 35 15
internal_value=1.41851e-06 -0.00020856 -0.000105802 0.000930229 0.00034628 0.00242602
internal_weight=600 490 475 110 80 30
internal_count=600 490 475 110 80 30
is_linear=0
shrinkage=0.05


Tree=53
num_leaves=5
num_cat=0
split_feature=3 3 3 3
split_gain=0.0450388 0.0679066 0.127446 0.0908022
threshold=55954.850000000013 21326.200000000001 14909.750000000002 32435.700000000001
decision_type=2 2 2 2
left_child=1 2 -1 -3
right_child=-2 3 -4 -5
leaf_value=0.00013062503402942768 -0.0022730141900302397 0.0030633682907536264 -0.0026280782124756472 -0.00054089754515688029
leaf_weight=465 20 40 45 30
leaf_count=465 20 40 45 30
internal_value=1.79142e-06 8.40102e-05 -0.000117457 0.00153282
internal_weight=600 580 510 70
internal_count=600 580 510 70
is_linear=0
shrinkage=0.05


Tree=54
num_leaves=7
num_cat=0
split_feature=3 5 3 3 3 3
split_gain=0.0420942 0.0446231 0.0414339 0.0370683 0.0274121 0.0300746
threshold=3746.8500000000008 0.74999999488503477 12338.300000000001 32435.700000000001 3217.1000000000008 3060.7000000000003
decision_type=2 2 2 2 2 2
left_child=4 2 -2 -3 5 -1
right_child=1 3 -4 -5 -6 -7
leaf_value=0.0020623795920982953 3.9333742086209957e-05 0.0018142235921505764 -0.00093739067552114138 -0.00071186971229811509 0.003130153311940376 -0.0010091204094351269
leaf_weight=15.000000000000002 325 48 162 20 14.999999999999998 14.999999999999998
leaf_count=15 325 48 162 20 15 15
internal_value=1.51483e-06 -0.000118749 -0.000286828 0.00107171 0.0014551 0.000543618
internal_weight=600 555 487 68 45 30
internal_count=600 555 487 68 45 30
is_linear=0
shrinkage=0.05


Tree=55
num_leaves=5
num_cat=0
split_feature=3 3 3 3
split_gain=0.0393479 0.0627396 0.112862 0.079801
threshold=55954.850000000013 21326.200000000001 14909.750000000002 32435.700000000001
decision_type=2 2 2 2
left_child=1 2 -1 -3
right_child=-2 3 -4 -5
leaf_value=0.000118472461329869 -0.0021244334810901259 0.0029059720714008663 -0.0024776074205241777 -0.00047373235481040137
leaf_weight=465 20 40 45 30
leaf_count=465 20 40 45 30
internal_value=1.80412e-06 7.8653e-05 -0.000114994 0.00147126
internal_weight=600 580 510 70
internal_count=600 580 510 70
is_linear=0
shrinkage=0.05


Tree=56
num_leaves=7
num_cat=0
split_feature=3 3 3 3 3 4
split_gain=0.0385843 0.0568053 0.0891356 0.0363882 0.0514472 0.00441103
threshold=4824.5000000000009 5126.7500000000009 5368.9500000000016 4346.3000000000002 3746.8500000000008 0.9000000015921682
decision_type=2 2 2 2 2 2
left_child=3 -2 -3 4 -1 -5
right_child=1 2 -4 5 -6 -7
leaf_value=0.0013810974318007737 -0.0031191572750685738 0.0035791907197562979 -0.00021703708408453575 0.0015162219511694276 -0.0011432825684702644 0.0029368249670369551
leaf_weight=45 14.999999999999998 14.999999999999998 460 15 35 15
leaf_count=45 15 15 460 15 35 15
internal_value=1.54326e-06 -0.000188785 -8.98887e-05 0.000843433 0.000276201 0.00229835
internal_weight=600 490 475 110 80 30
internal_count=600 490 475 110 80 30
is_linear=0
shrinkage=0.05


Tree=57
num_leaves=7
num_cat=0
split_feature=5 3 3 3 3 3
split_gain=0.0380391 0.049144 0.103219 0.0443086 0.0338249 0.0338339
threshold=0.74999999488503477 12338.300000000001 13353.450000000003 9554.1500000000033 32435.700000000001 16798.500000000004
decision_type=2 2 2 2 2 2
left_child=1 3 -3 -1 5 -2
right_child=4 2 -4 -5 -6 -7
leaf_value=-9.6604350941751149e-05 0.00066175110250090569 -0.0033164905356791092 -0.00021774062619862468 0.0012710235833593116 -0.00061363526398227329 0.0033268727029540711
leaf_weight=296 29 33 129 73 20 20
leaf_count=296 29 33 129 73 20 20
internal_value=1.87656e-06 -0.000142298 -0.000865441 0.00017666 0.00109758 0.00179434
internal_weight=600 531 162 369 69 49
internal_count=600 531 162 369 69 49
is_linear=0
shrinkage=0.05


Tree=58
num_leaves=7
num_cat=1
split_feature=3 0 3 8 3 3
split_gain=0.0353929 0.0621567 0.093766 0.0382347 0.0278786 0.0361867
threshold=6088.6500000000024 0 14909.750000000002 0.24999985611466474 5949.2500000000009 5528.800000000002
decision_type=2 1 2 2 2 2
left_child=4 2 -2 -3 5 -1
right_child=1 3 -4 -5 -6 -7
leaf_value=0.00066777917776537476 0.0018606942310981766 -0.0010540058934036176 -0.00038173572953810974 0.0013615808449685574 0.0025814851862378421 -0.0015538976283832676
leaf_weight=145 70 198 135 17 14.999999999999998 20
leaf_count=145 70 198 135 17 15 20
internal_value=1.8672e-06 -0.000249514 0.000371265 -0.00081964 0.000586562 0.000390746
internal_weight=600 420 205 215 180 165
internal_count=600 420 205 215 180 165
cat_boundaries=0 1
cat_threshold=9
is_linear=0
shrinkage=0.05


Tree=59
num_leaves=7
num_cat=0
split_feature=5 3 3 4 3 3
split_gain=0.0345443 0.0337227 0.0990418 0.0418526 0.0328114 0.0191461
threshold=0.74999991449159664 12338.300000000001 13353.450000000003 0.89999999853726942 7924.9000000000005 16798.500000000004
decision_type=2 2 2 2 2 2
left_child=1 3 -3 -1 -2 -6
right_child=4 2 -4 -5 5 -7
leaf_value=-0.00047419629473653105 0.0028438411355536019 -0.0031457881867776026 -0.00010892949279130603 0.00060953855336816614 -0.00071661098384841659 0.0010568940817999343
leaf_weight=161 17 33 128 197 23 41
leaf_count=161 17 33 128 197 23 41
internal_value=2.06349e-06 -0.000148346 -0.000746967 0.000122197 0.000955854 0.000418321
internal_weight=600 519 161 358 81 64
internal_count=600 519 161 358 81 64
is_linear=0
shrinkage=0.05


Tree=60
num_leaves=5
num_cat=0
split_feature=3 3 3 3
split_gain=0.0346694 0.0556315 0.100173 0.0687909
threshold=55954.850000000013 21326.200000000001 14909.750000000002 32435.700000000001
decision_type=2 2 2 2
left_child=1 2 -1 -3
right_child=-2 3 -4 -5
leaf_value=0.00011170358690478172 -0.0019938665913373588 0.0027174498853216903 -0.0023340830579400063 -0.00042093219611072732
leaf_weight=465 20 40 45 30
leaf_count=465 20 40 45 30
internal_value=1.96572e-06 7.41009e-05 -0.000108246 0.00138544
internal_weight=600 580 510 70
internal_count=600 580 510 70
is_linear=0
shrinkage=0.05


Tree=61
num_leaves=5
num_cat=0
split_feature=3 5 3 3
split_gain=0.0323715 0.0362373 0.0285312 0.0283243
threshold=3102.3500000000004 0.74999999488503477 53983.500000000007 32435.700000000001
decision_type=2 2 2 2
left_child=-1 2 -2 -3
right_child=1 3 -4 -5
leaf_value=0.0019302585760929754 -0.00014642809068651072 0.0016367824745830149 -0.0022922300740901846 -0.00056655997898252244
leaf_weight=20 496 49 14.999999999999998 20
leaf_count=20 496 49 15 20
internal_value=1.70774e-06 -6.80019e-05 -0.00021377 0.000999162
internal_weight=600 580 511 69
internal_count=600 580 511 69
is_linear=0
shrinkage=0.05


Tree=62
num_leaves=7
num_cat=0
split_feature=3 3 3 3 3 4
split_gain=0.0299977 0.0537984 0.0775674 0.0342888 0.044474 0.00372031
threshold=4824.5000000000009 5126.7500000000009 5368.9500000000016 4346.3000000000002 3746.8500000000008 0.9000000015921682
decision_type=2 2 2 2 2 2
left_child=3 -2 -3 4 -1 -5
right_child=1 2 -4 5 -6 -7
leaf_value=0.0012223217307346995 -0.0030178828747011721 0.0033527243766002359 -0.00018858459448960053 0.0014318620669655502 -0.0011244590911600326 0.0027454429757199253
leaf_weight=45 14.999999999999998 14.999999999999998 460 15 35 15
leaf_count=45 15 15 460 15 35 15
internal_value=1.66908e-06 -0.000166151 -6.99452e-05 0.000743992 0.000194398 0.00215603
internal_weight=600 490 475 110 80 30
internal_count=600 490 475 110 80 30
is_linear=0
shrinkage=0.05


Tree=63
num_leaves=7
num_cat=0
split_feature=5 3 3 3 3 3
split_gain=0.0289855 0.0347083 0.0870407 0.0412541 0.0256068 0.0291503
threshold=0.74999999488503477 12338.300000000001 13353.450000000003 9554.1500000000033 32435.700000000001 16798.500000000004
decision_type=2 2 2 2 2 2
left_child=1 3 -3 -1 5 -2
right_child=4 2 -4 -5 -6 -7
leaf_value=-0.00011943694283858081 0.00051749109445760647 -0.0029822878964135754 -0.00013735417119907931 0.0012001562477372638 -0.00053060079836064864 0.0029860454788875014
leaf_weight=296 29 33 129 73 20 20
leaf_count=296 29 33 129 73 20 20
internal_value=1.95346e-06 -0.0001239 -0.000731619 0.000144159 0.000958415 0.00156463
internal_weight=600 531 162 369 69 49
internal_count=600 531 162 369 69 49
is_linear=0
shrinkage=0.05


Tree=64
num_leaves=5
num_cat=0
split_feature=3 3 3 3
split_gain=0.0282485 0.0489555 0.09128 0.057246
threshold=55954.850000000013 21326.200000000001 14909.750000000002 32435.700000000001
decision_type=2 2 2 2
left_child=1 2 -1 -3
right_child=-2 3 -4 -5
leaf_value=0.00010595590681464177 -0.001799625258094498 0.0025121949011141938 -0.002228744317898932 -0.00035158231659161471
leaf_weight=465 20 40 45 30
leaf_count=465 20 40 45 30
internal_value=1.93348e-06 6.70467e-05 -0.000104005 0.0012972
internal_weight=600 580 510 70
internal_count=600 580 510 70
is_linear=0
shrinkage=0.05


Tree=65
num_leaves=5
num_cat=0
split_feature=3 5 3 3
split_gain=0.0275483 0.0299799 0.0239306 0.021616
threshold=3102.3500000000004 0.74999999488503477 53983.500000000007 32435.700000000001
decision_type=2 2 2 2
left_child=-1 2 -2 -3
right_child=1 3 -4 -5
leaf_value=0.0017807773536159879 -0.00013352978286922251 0.0014648915570578539 -0.0020987211668398232 -0.00046101021358654611
leaf_weight=20 496 49 14.999999999999998 20
leaf_count=20 496 49 15 20
internal_value=1.69026e-06 -6.2617e-05 -0.000195203 0.000908048
internal_weight=600 580 511 69
internal_count=600 580 511 69
is_linear=0
shrinkage=0.05


Tree=66
num_leaves=7
num_cat=0
split_feature=3 3 3 3 3 4
split_gain=0.0263018 0.0489799 0.0703342 0.0320614 0.0403397 0.00336835
threshold=4824.5000000000009 5126.7500000000009 5368.9500000000016 4346.3000000000002 3892.1000000000008 0.9000000015921682
decision_type=2 2 2 2 2 2
left_child=3 -2 -3 4 -1 -5
right_child=1 2 -4 5 -6 -7
leaf_value=0.00081436351355791215 -0.0028765138791641224 0.0031954711332218724 -0.00017667922752312388 0.0013716346540604718 -0.0017267677822105942 0.0026236414820232316
leaf_weight=60 14.999999999999998 14.999999999999998 460 15 20 15
leaf_count=60 15 15 460 15 20 15
internal_value=1.65168e-06 -0.00015549 -6.37008e-05 0.000696743 0.000165606 0.00206208
internal_weight=600 490 475 110 80 30
internal_count=600 490 475 110 80 30
is_linear=0
shrinkage=0.05


Tree=67
num_leaves=7
num_cat=0
split_feature=5 3 3 3 7 3
split_gain=0.0243773 0.0297649 0.0819832 0.0404315 0.0133304 0.0280026
threshold=0.74999999986401511 12338.300000000001 13353.450000000003 9554.1500000000033 0.14999947567838903 16798.500000000004
decision_type=2 2 2 2 2 2
left_child=1 3 -3 -1 5 -2
right_child=4 2 -4 -5 -6 -7
leaf_value=-0.00010493735454846863 0.00019707874744199217 -0.0027590283561342707 -8.6916701034138027e-05 0.0011871872835878382 -0.00020773051728610882 0.0029603114920771787
leaf_weight=297 19 35 142 75 14.999999999999998 17
leaf_count=297 19 35 142 75 15 17
internal_value=1.83741e-06 -9.59986e-05 -0.000627832 0.000158056 0.00103661 0.00154668
internal_weight=600 549 177 372 51 36
internal_count=600 549 177 372 51 36
is_linear=0
shrinkage=0.05


Tree=68
num_leaves=7
num_cat=1
split_feature=3 0 3 8 8 4
split_gain=0.024582 0.0551201 0.0827866 0.0357868 0.0206469 0.035619
threshold=6335.1500000000005 0 10469.65 0.24999985611466474 0.24999969533404354 0.25000007331650431
decision_type=2 1 2 2 2 2
left_child=4 2 -2 -3 5 -1
right_child=1 3 -4 -5 -6 -7
leaf_value=0.0028862790320999922 0.0027676321438423572 -0.00098935983941251821 -3.5564930327712898e-05 0.001349380905998664 -0.0012442725594155491 0.00040350038670555646
leaf_weight=14.999999999999998 30 193 175 17 14.999999999999998 155
leaf_count=15 30 193 175 17 15 155
internal_value=1.84423e-06 -0.000211802 0.000368228 -0.000758583 0.000479668 0.000638167
internal_weight=600 415 205 210 185 170
internal_count=600 415 205 210 185 170
cat_boundaries=0 1
cat_threshold=9
is_linear=0
shrinkage=0.05


Tree=69
num_leaves=5
num_cat=0
split_feature=3 3 3 3
split_gain=0.0235944 0.0435117 0.0830303 0.0497709
threshold=55954.850000000013 21326.200000000001 14909.750000000002 32435.700000000001
decision_type=2 2 2 2
left_child=1 2 -1 -3
right_child=-2 3 -4 -5
leaf_value=0.00010067766981178525 -0.0016442983893544547 0.0023542907111000315 -0.0021260222399850258 -0.00031627668368239557
leaf_weight=465 20 40 45 30
leaf_count=465 20 40 45 30
internal_value=2.17945e-06 6.16869e-05 -9.95719e-05 0.00122143
internal_weight=600 580 510 70
internal_count=600 580 510 70
is_linear=0
shrinkage=0.05


Tree=70
num_leaves=5
num_cat=1
split_feature=3 0 3 3
split_gain=0.0232459 0.0264597 0.130724 0.114207
threshold=3102.3500000000004 0 4369.3000000000011 4835.0500000000011
decision_type=2 1 2 2
left_child=-1 2 -2 -3
right_child=1 3 -4 -5
leaf_value=0.0016361997241065617 -0.0034967790545535186 0.0028953582352389479 -1.8394923155412289e-05 -8.2185791156352101e-05
leaf_weight=20 30 35 210 305
leaf_count=20 30 35 210 305
internal_value=1.93471e-06 -5.71384e-05 -0.000447337 0.000225311
internal_weight=600 580 240 340
internal_count=600 580 240 340
cat_boundaries=0 1
cat_threshold=2
is_linear=0
shrinkage=0.05


Tree=71
num_leaves=7
num_cat=0
split_feature=3 3 3 3 3 3
split_gain=0.0215454 0.0458866 0.062617 0.0305074 0.0530698 0.0410274
threshold=4824.5000000000009 5126.7500000000009 5368.9500000000016 3842.0500000000006 4125.9500000000007 3102.3500000000004
decision_type=2 2 2 2 2 2
left_child=3 -2 -3 5 -5 -1
right_child=1 2 -4 4 -6 -7
leaf_value=0.0015582856034771317 -0.0027739972283598036 0.0030236622631491629 -0.00015810652184093053 0.0038884953479282561 0.00046675782253193421 -0.0012231440577630162
leaf_weight=20 14.999999999999998 14.999999999999998 460 14.999999999999998 40 35
leaf_count=20 15 15 460 15 40 35
internal_value=1.91571e-06 -0.000140311 -5.14885e-05 0.000631025 0.00145273 -0.00020195
internal_weight=600 490 475 110 55 55
internal_count=600 490 475 110 55 55
is_linear=0
shrinkage=0.05


Tree=72
num_leaves=7
num_cat=0
split_feature=5 3 3 3 3 3
split_gain=0.0212321 0.0231648 0.0956711 0.0853967 0.0177968 0.0262106
threshold=0.74999999488503477 8212.2000000000025 8892.2500000000018 7852.6000000000004 30578.650000000005 16798.500000000004
decision_type=2 2 2 2 2 2
left_child=1 3 -3 -1 5 -2
right_child=4 2 -4 -5 -6 -7
leaf_value=-2.8966401112642663e-05 0.0004005664342548699 -0.0031958275437188734 -0.00011012618802866436 0.0033715274231508373 -0.00034283016385692783 0.0028066067839972678
leaf_weight=240 29 27 245 19 22 18
leaf_count=240 29 27 245 19 22 18
internal_value=2.21774e-06 -0.000105497 -0.000427012 0.000232499 0.00082082 0.0013613
internal_weight=600 531 272 259 69 47
internal_count=600 531 272 259 69 47
is_linear=0
shrinkage=0.05


Tree=73
num_leaves=5
num_cat=0
split_feature=3 3 3 3
split_gain=0.0208356 0.0391572 0.209731 0.115373
threshold=55954.850000000013 16798.500000000004 14909.750000000002 18775.500000000004
decision_type=2 2 2 2
left_child=1 2 -1 -3
right_child=-2 3 -4 -5
leaf_value=9.6415085751136624e-05 -0.0015448794095954371 0.0048571254883427173 -0.0050118073466278263 0.00020318828842223245
leaf_weight=465 20 14.999999999999998 20 80
leaf_count=465 20 15 20 80
internal_value=2.3482e-06 5.8268e-05 -0.000124112 0.000980961
internal_weight=600 580 485 95
internal_count=600 580 485 95
is_linear=0
shrinkage=0.05


Tree=74
num_leaves=7
num_cat=1
split_feature=3 0 3 3 3 3
split_gain=0.0203305 0.030203 0.0746651 0.0567671 0.0293124 0.0223102
threshold=3746.8500000000008 0 14909.750000000002 8212.2000000000025 3217.1000000000008 3060.7000000000003
decision_type=2 1 2 2 2 2
left_child=4 2 -2 -3 5 -1
right_child=1 3 -4 -5 -6 -7
leaf_value=0.0014051496982574461 0.0016529771155451034 0.00012507099383785521 -0.00030453729827165853 -0.0011948077193859484 0.0027406920671637636 -0.0012354663820588032
leaf_weight=15.000000000000002 75 215 135 130 14.999999999999998 14.999999999999998
leaf_count=15 75 215 135 130 15 15
internal_value=2.11434e-06 -8.14663e-05 0.000381037 -0.000363777 0.0010123 8.75785e-05
internal_weight=600 555 210 345 45 30
internal_count=600 555 210 345 45 30
cat_boundaries=0 1
cat_threshold=9
is_linear=0
shrinkage=0.05


Tree=75
num_leaves=6
num_cat=0
split_feature=5 3 3 3 3
split_gain=0.0192535 0.020883 0.0227119 0.0151063 0.0232795
threshold=0.74999999488503477 3102.3500000000004 3842.0500000000006 30578.650000000005 16798.500000000004
decision_type=2 2 2 2 2
left_child=1 -1 -3 4 -2
right_child=3 2 -4 -5 -6
leaf_value=0.001445393588039137 0.0003743549991001298 -0.001392940682625132 -7.3137661080737313e-05 -0.00029118562347518848 0.0026417214042004692
leaf_weight=20 29 34 477 22 18
leaf_count=20 29 34 477 22 18
internal_value=2.27392e-06 -0.0001003 -0.000163501 0.000781801 0.00127965
internal_weight=600 531 511 69 47
internal_count=600 531 511 69 47
is_linear=0
shrinkage=0.05


Tree=76
num_leaves=7
num_cat=1
split_feature=3 3 0 3 3 4
split_gain=0.0186284 0.028447 0.0263041 0.0684225 0.051476 0.0199377
threshold=3746.8500000000008 3217.1000000000008 0 14909.750000000002 8212.2000000000025 0.90000000105802713
decision_type=2 2 1 2 2 2
left_child=1 5 3 -2 -4 -1
right_child=2 -3 4 -5 -6 -7
leaf_value=0.0013055552728474141 0.0015711972178235698 0.0026719934561697301 0.00012460916510058774 -0.00030265288149915735 -0.0011322360018353539 -0.001190633443184197
leaf_weight=15 75 14.999999999999998 215 135 130 15
leaf_count=15 75 15 215 135 130 15
internal_value=2.3852e-06 0.000969362 -7.76208e-05 0.000354073 -0.000341032 5.93145e-05
internal_weight=600 45 555 210 345 30
internal_count=600 45 555 210 345 30
cat_boundaries=0 1
cat_threshold=9
is_linear=0
shrinkage=0.05


Tree=77
num_leaves=5
num_cat=0
split_feature=3 3 3 3
split_gain=0.0179797 0.0389339 0.0710569 0.0414117
threshold=55954.850000000013 21326.200000000001 14909.750000000002 32435.700000000001
decision_type=2 2 2 2
left_child=1 2 -1 -3
right_child=-2 3 -4 -5
leaf_value=8.719337625352091e-05 -0.0014347639131648024 0.0021847662959239311 -0.0019727147665158239 -0.00025220553976513686
leaf_weight=465 20 40 45 30
leaf_count=465 20 40 45 30
internal_value=2.51953e-06 5.44652e-05 -9.8068e-05 0.00115151
internal_weight=600 580 510 70
internal_count=600 580 510 70
is_linear=0
shrinkage=0.05


Tree=78
num_leaves=6
num_cat=0
split_feature=5 3 3 7 3
split_gain=0.0170712 0.0227391 0.0334057 0.0104605 0.0260057
threshold=0.74999999986401511 53983.500000000007 25464.299999999999 0.14999947567838903 16798.500000000004
decision_type=2 2 2 2 2
left_child=1 2 -1 4 -2
right_child=3 -3 -4 -5 -6
leaf_value=-0.00012364983452291389 2.8506735106930136e-05 -0.0017791974131557112 0.0014744214946404101 -0.00023136647796491162 0.0026821375151889191
leaf_weight=497 19 18 34 14.999999999999998 17
leaf_count=497 19 18 34 15 17
internal_value=2.27809e-06 -7.95957e-05 -1.8746e-05 0.000868207 0.00132023
internal_weight=600 549 531 51 36
internal_count=600 549 531 51 36
is_linear=0
shrinkage=0.05


Tree=79
num_leaves=7
num_cat=0
split_feature=3 3 3 3 3 4
split_gain=0.0171414 0.0424249 0.0542251 0.0307393 0.0369597 0.00295317
threshold=4824.5000000000009 5126.7500000000009 5368.9500000000016 4346.3000000000002 3892.1000000000008 0.9000000015921682
decision_type=2 2 2 2 2 2
left_child=3 -2 -3 4 -1 -5
right_child=1 2 -4 5 -6 -7
leaf_value=0.00066724422647327676 -0.0026569104578811676 0.0028225072353961879 -0.00013837755412527981 0.0012576564324263018 -0.0017647998607052224 0.0024238823898485862
leaf_weight=60 14.999999999999998 14.999999999999998 460 15 20 15
leaf_count=60 15 15 460 15 20 15
internal_value=2.33481e-06 -0.000124526 -3.91427e-05 0.000563475 4.49519e-05 0.00190015
internal_weight=600 490 475 110 80 30
internal_count=600 490 475 110 80 30
is_linear=0
shrinkage=0.05


Tree=80
num_leaves=6
num_cat=0
split_feature=5 3 3 3 3
split_gain=0.0158199 0.0179828 0.0239608 0.0125112 0.019415
threshold=0.74999999488503477 3102.3500000000004 3842.0500000000006 30578.650000000005 16798.500000000004
decision_type=2 2 2 2 2
left_child=1 -1 -3 4 -2
right_child=3 2 -4 -5 -6
leaf_value=0.0013437915804041993 0.00033562996502344808 -0.0014119627399902259 -5.6423249064601779e-05 -0.00026735189198718771 0.0024059574033966978
leaf_weight=20 29 34 477 22 18
leaf_count=20 29 34 477 22 18
internal_value=2.43529e-06 -9.0544e-05 -0.000149197 0.000709043 0.00116213
internal_weight=600 531 511 69 47
internal_count=600 531 511 69 47
is_linear=0
shrinkage=0.05


Tree=81
num_leaves=7
num_cat=0
split_feature=3 3 3 3 3 3
split_gain=0.0161425 0.0384344 0.0493848 0.0294458 0.0508995 0.0317289
threshold=4824.5000000000009 5126.7500000000009 5368.9500000000016 3842.0500000000006 4125.9500000000007 3102.3500000000004
decision_type=2 2 2 2 2 2
left_child=3 -2 -3 5 -5 -1
right_child=1 2 -4 4 -6 -7
leaf_value=0.001279801631989401 -0.0025309481367003176 0.0026916217888356187 -0.0001340256725870267 0.0037394217331893744 0.00039079459327295791 -0.0011668387587027004
leaf_weight=20 14.999999999999998 14.999999999999998 460 14.999999999999998 40 35
leaf_count=20 15 15 460 15 40 35
internal_value=2.509e-06 -0.000120601 -3.93275e-05 0.000547054 0.00135452 -0.000270185
internal_weight=600 490 475 110 55 55
internal_count=600 490 475 110 55 55
is_linear=0
shrinkage=0.05


Tree=82
num_leaves=7
num_cat=1
split_feature=3 3 0 3 3 4
split_gain=0.0161841 0.0293049 0.0230121 0.0618198 0.0450452 0.0181135
threshold=3746.8500000000008 3217.1000000000008 0 14909.750000000002 8212.2000000000025 0.90000000105802713
decision_type=2 2 1 2 2 2
left_child=1 5 3 -2 -4 -1
right_child=2 -3 4 -5 -6 -7
leaf_value=0.0011730957070540172 0.0014886064296373853 0.0026321200872189369 0.00011736942987125885 -0.00029251851905000341 -0.0010583470512860462 -0.0012060840846970678
leaf_weight=15 75 14.999999999999998 215 135 130 15
leaf_count=15 75 15 215 135 130 15
internal_value=2.73879e-06 0.000904046 -7.18347e-05 0.000331908 -0.000318235 -1.70263e-05
internal_weight=600 45 555 210 345 30
internal_count=600 45 555 210 345 30
cat_boundaries=0 1
cat_threshold=9
is_linear=0
shrinkage=0.05


Tree=83
num_leaves=6
num_cat=0
split_feature=3 3 3 3 3
split_gain=0.0148064 0.177889 0.220907 0.131167 0.0407201
threshold=16798.500000000004 14909.750000000002 14408.500000000002 18775.500000000004 23467.800000000007
decision_type=2 2 2 2 2
left_child=1 2 -1 -2 -5
right_child=3 -3 -4 4 -6
leaf_value=-0.00012021557769444907 0.0047138897760305555 -0.0046196964791133293 0.0058582287427270787 -0.0024754098601988518 0.00027197588777960128
leaf_weight=450 14.999999999999998 20 14.999999999999998 14.999999999999998 85
leaf_count=450 15 20 15 15 85
internal_value=2.83929e-06 -0.000118311 8.47949e-05 0.000510393 -0.000160561
internal_weight=600 485 465 115 100
internal_count=600 485 465 115 100
is_linear=0
shrinkage=0.05


Tree=84
num_leaves=7
num_cat=1
split_feature=3 3 0 3 3 3
split_gain=0.014891 0.0266141 0.0204571 0.0568424 0.0437573 0.0166465
threshold=3746.8500000000008 3217.1000000000008 0 10469.65 14050.250000000002 3060.7000000000003
decision_type=2 2 1 2 2 2
left_child=1 5 3 -2 -4 -1
right_child=2 -3 4 -5 -6 -7
leaf_value=0.0011303138919174669 0.0021363740869370911 0.0025143746184767227 -0.00018513148729309577 -4.4995143120600426e-05 -0.0028635314134589866 -0.001150486035476206
leaf_weight=15.000000000000002 35 14.999999999999998 330 175 14.999999999999998 14.999999999999998
leaf_count=15 35 15 330 175 15 15
internal_value=2.99923e-06 0.000867549 -6.85336e-05 0.000312173 -0.000300829 -1.04114e-05
internal_weight=600 45 555 210 345 30
internal_count=600 45 555 210 345 30
cat_boundaries=0 1
cat_threshold=9
is_linear=0
shrinkage=0.05


Tree=85
num_leaves=5
num_cat=0
split_feature=3 3 3 3
split_gain=0.0146611 0.0326047 0.0599684 0.0362294
threshold=55954.850000000013 21326.200000000001 14909.750000000002 32435.700000000001
decision_type=2 2 2 2
left_child=1 2 -1 -3
right_child=-2 3 -4 -5
leaf_value=8.0490601848603069e-05 -0.0012949068806067641 0.0020203127662037929 -0.0018118796436085731 -0.00025847339101376076
leaf_weight=465 20 40 45 30
leaf_count=465 20 40 45 30
internal_value=2.97714e-06 4.98835e-05 -8.97022e-05 0.0010538
internal_weight=600 580 510 70
internal_count=600 580 510 70
is_linear=0
shrinkage=0.05


Tree=86
num_leaves=6
num_cat=0
split_feature=5 3 3 7 3
split_gain=0.0137309 0.0189963 0.0287355 0.00909632 0.0234427
threshold=0.74999999986401511 53983.500000000007 26351.250000000004 0.14999947567838903 16798.500000000004
decision_type=2 2 2 2 2
left_child=1 2 -1 4 -2
right_child=3 -3 -4 -5 -6
leaf_value=-0.00010784859443153117 -2.2818212164565922e-05 -0.0016241460963149286 0.0014375833394296934 -0.0002444532248773612 0.0024940245254482661
leaf_weight=500 19 18 31 14.999999999999998 17
leaf_count=500 19 18 31 15 17
internal_value=2.72308e-06 -7.07059e-05 -1.5093e-05 0.000779324 0.00120098
internal_weight=600 549 531 51 36
internal_count=600 549 531 51 36
is_linear=0
shrinkage=0.05


Tree=87
num_leaves=6
num_cat=0
split_feature=3 3 3 3 3
split_gain=0.0135824 0.0496658 0.0393421 0.0231086 0.0263012
threshold=6335.1500000000005 7190.8000000000002 8212.2000000000025 5949.2500000000009 5528.800000000002
decision_type=2 2 2 2 2
left_child=3 -2 -3 4 -1
right_child=1 2 -4 -5 -6
leaf_value=0.00039517323172345051 -0.002081378186572223 0.001224607980943152 -0.00020839224505840362 0.00192044821922623 -0.001497658582160338
leaf_weight=145 30 55 330 20 20
leaf_count=145 30 55 330 20 20
internal_value=2.74769e-06 -0.000156064 -1.03572e-06 0.000357924 0.000158099
internal_weight=600 415 385 185 165
internal_count=600 415 385 185 165
is_linear=0
shrinkage=0.05


Tree=88
num_leaves=5
num_cat=0
split_feature=6 3 6 3
split_gain=0.0138893 0.0587798 0.0264661 0.0203472
threshold=0.55000005981420863 11611.85 0.54999940328813413 6088.6500000000024
decision_type=2 2 2 2
left_child=2 -2 3 -1
right_child=1 -3 -4 -5
leaf_value=0.00045899905768843994 0.00072455732658019542 -0.0032328860310371966 0.0018993382133837594 -0.00020206194400319236
leaf_weight=167 22 14.999999999999998 18 378
leaf_count=167 22 15 18 378
internal_value=2.58974e-06 -0.000922667 6.49252e-05 9.71364e-07
internal_weight=600 37 563 545
internal_count=600 37 563 545
is_linear=0
shrinkage=0.05


Tree=89
num_leaves=6
num_cat=0
split_feature=3 3 3 3 3
split_gain=0.0134627 0.151716 0.204589 0.12399 0.0353592
threshold=16798.500000000004 14909.750000000002 14408.500000000002 18775.500000000004 23467.800000000007
decision_type=2 2 2 2 2
left_child=1 2 -1 -2 -5
right_child=3 -3 -4 4 -6
leaf_value=-0.00012279000830896737 0.004573303239885718 -0.0042701642893786937 0.0056305948834051382 -0.0023228377331179217 0.00023739287456454235
leaf_weight=450 14.999999999999998 20 14.999999999999998 14.999999999999998 85
leaf_count=450 15 20 15 15 85
internal_value=2.43096e-06 -0.000113091 7.44876e-05 0.000486407 -0.000165838
internal_weight=600 485 465 115 100
internal_count=600 485 465 115 100
is_linear=0
shrinkage=0.05


Tree=90
num_leaves=7
num_cat=1
split_feature=5 1 4 8 3 4
split_gain=0.0130337 0.0141395 0.0322025 0.0173416 0.0104284 0.00735202
threshold=0.74999999488503477 0 0.89999999878372217 0.2499999166147632 24199.750000000004 0.24999999864786018
decision_type=2 1 2 2 2 2
left_child=1 2 -1 -3 5 -2
right_child=4 3 -4 -5 -6 -7
leaf_value=-0.0003771203919316745 0.0018327026982747374 -0.00061026163922759617 0.00062632662354128585 0.00056915343647185527 -2.0415654801058048e-05 0.00040368556834032964
leaf_weight=156 20 176 162 37 32 17
leaf_count=156 20 176 162 37 32 17
internal_value=2.61937e-06 -8.17766e-05 0.000130344 -0.000385663 0.000643991 0.00120403
internal_weight=600 531 318 213 69 37
internal_count=600 531 318 213 69 37
cat_boundaries=0 1
cat_threshold=50
is_linear=0
shrinkage=0.05


Tree=91
num_leaves=7
num_cat=1
split_feature=0 3 3 3 3 3
split_gain=0.01261 0.0506619 0.0887131 0.0496987 0.101517 0.075077
threshold=0 10469.65 9554.1500000000033 8212.2000000000025 10307.150000000001 7852.6000000000004
decision_type=1 2 2 2 2 2
left_child=1 2 -1 5 -5 -2
right_child=3 -3 -4 4 -6 -7
leaf_value=-0.00018252203756544209 1.3824226311029399e-05 -3.0874172080075371e-05 0.004803799196997716 -0.0032241856508739551 -0.00010511341085172415 0.0035489731119014325
leaf_weight=20 245 175 14.999999999999998 35 95 14.999999999999998
leaf_count=20 245 175 15 35 95 15
internal_value=2.69006e-06 0.000305855 0.00202855 -0.000164532 -0.000963065 0.000230591
internal_weight=600 210 35 390 130 260
internal_count=600 210 35 390 130 260
cat_boundaries=0 1
cat_threshold=9
is_linear=0
shrinkage=0.05


Tree=92
num_leaves=4
num_cat=0
split_feature=5 3 3
split_gain=0.0124769 0.0202287 0.0242549
threshold=0.84999937129459502 53983.500000000007 21326.200000000001
decision_type=2 2 2
left_child=1 2 -1
right_child=-2 -3 -4
leaf_value=-8.4105891834761323e-05 0.0013805209906422534 -0.0015220868893348698 0.0010209593794901263
leaf_weight=510 14.999999999999998 21 54
leaf_count=510 15 21 54
internal_value=2.95687e-06 -3.46608e-05 2.3318e-05
internal_weight=600 585 564
internal_count=600 585 564
is_linear=0
shrinkage=0.05


Tree=93
num_leaves=7
num_cat=0
split_feature=3 3 3 3 4 4
split_gain=0.0124777 0.0241935 0.016999 0.0537334 0.0167052 0.0121167
threshold=3746.8500000000008 3217.1000000000008 4346.3000000000002 4500.3500000000013 0.90000000105802713 0.89999999971157496
decision_type=2 2 2 2 2 2
left_child=1 4 5 -4 -1 -2
right_child=2 -3 3 -5 -6 -7
leaf_value=0.0011019767647667323 -0.0019338990398682654 0.0023644468190468617 0.0024878996610087122 -9.3760648937795979e-05 -0.0011828847462311389 -8.2497457590173279e-05
leaf_weight=15 19 14.999999999999998 20 500 15 15.999999999999998
leaf_count=15 19 15 20 500 15 16
internal_value=2.87519e-06 0.000794274 -6.26054e-05 1.01186e-05 -4.1759e-05 -0.00111335
internal_weight=600 45 555 520 30 35
internal_count=600 45 555 520 30 35
is_linear=0
shrinkage=0.05


Tree=94
num_leaves=5
num_cat=0
split_feature=3 3 3 4
split_gain=0.011852 0.0228493 0.0828457 0.0028194
threshold=3102.3500000000004 3842.0500000000006 4125.9500000000007 0.90000001077963521
decision_type=2 2 2 2
left_child=-1 3 -3 -2
right_child=1 2 -4 -5
leaf_value=0.0011698818647779437 -0.00080461804089801664 0.0035860777017660442 -6.560567724937223e-05 -0.0017772819952369902
leaf_weight=20 20 14.999999999999998 530 14.999999999999998
leaf_count=20 20 15 530 15
internal_value=2.95284e-06 -3.92304e-05 4.12832e-05 -0.00125926
internal_weight=600 580 545 35
internal_count=600 580 545 35
is_linear=0
shrinkage=0.05


Tree=95
num_leaves=6
num_cat=0
split_feature=3 3 3 3 3
split_gain=0.0116667 0.136742 0.186435 0.113116 0.0321716
threshold=16798.500000000004 14909.750000000002 14408.500000000002 18775.500000000004 23467.800000000007
decision_type=2 2 2 2 2
left_child=1 2 -1 -2 -5
right_child=3 -3 -4 4 -6
leaf_value=-0.00011481257335169869 0.004357122778310441 -0.0040511612134564315 0.0053773852810991233 -0.0022267804793955292 0.0002153786151063477
leaf_weight=450 14.999999999999998 20 14.999999999999998 14.999999999999998 85
leaf_count=450 15 20 15 15 85
internal_value=2.98061e-06 -0.000104561 7.35144e-05 0.000453518 -0.000169366
internal_weight=600 485 465 115 100
internal_count=600 485 465 115 100
is_linear=0
shrinkage=0.05


Tree=96
num_leaves=7
num_cat=1
split_feature=3 3 0 3 3 4
split_gain=0.0117384 0.0234002 0.0171427 0.047228 0.0437845 0.0149643
threshold=3746.8500000000008 3217.1000000000008 0 10469.65 14050.250000000002 0.90000000105802713
decision_type=2 2 1 2 2 2
left_child=1 5 3 -2 -4 -1
right_child=2 -3 4 -5 -6 -7
leaf_value=0.0010317167403627538 0.0019509581845745237 0.0023149491826188751 -0.00015665573734823326 -3.740921959185719e-05 -0.0028356840113701767 -0.0011308436980471015
leaf_weight=15 35 14.999999999999998 330 175 14.999999999999998 15
leaf_count=15 35 15 330 175 15 15
internal_value=3.12751e-06 0.000770721 -6.0384e-05 0.000288011 -0.000273101 -5.11623e-05
internal_weight=600 45 555 210 345 30
internal_count=600 45 555 210 345 30
cat_boundaries=0 1
cat_threshold=9
is_linear=0
shrinkage=0.05


Tree=97
num_leaves=4
num_cat=0
split_feature=5 3 3
split_gain=0.0114473 0.0183679 0.0222969
threshold=0.84999937129459502 53983.500000000007 21326.200000000001
decision_type=2 2 2
left_child=1 2 -1
right_child=-2 -3 -4
leaf_value=-8.0715698075155897e-05 0.0013225688257080038 -0.0014503297321921723 0.00097880689649504013
leaf_weight=510 14.999999999999998 21 54
leaf_count=510 15 21 54
internal_value=3.06573e-06 -3.29669e-05 2.22808e-05
internal_weight=600 585 564
internal_count=600 585 564
is_linear=0
shrinkage=0.05


Tree=98
num_leaves=5
num_cat=0
split_feature=3 3 3 4
split_gain=0.0109739 0.0220362 0.0759041 0.0022955
threshold=3102.3500000000004 3842.0500000000006 4125.9500000000007 0.90000001077963521
decision_type=2 2 2 2
left_child=-1 3 -3 -2
right_child=1 2 -4 -5
leaf_value=0.0011258442068494679 -0.00081664250853161018 0.0034344889223575596 -6.0864058590674757e-05 -0.0017085842046071775
leaf_weight=20 20 14.999999999999998 530 14.999999999999998
leaf_count=20 20 15 530 15
internal_value=2.97653e-06 -3.76142e-05 4.14524e-05 -0.00123575
internal_weight=600 580 545 35
internal_count=600 580 545 35
is_linear=0
shrinkage=0.05


Tree=99
num_leaves=7
num_cat=0
split_feature=3 3 3 3 4 3
split_gain=0.0110258 0.0226205 0.0185093 0.0493648 0.0134106 0.0107543
threshold=3746.8500000000008 3217.1000000000008 4346.3000000000002 4500.3500000000013 0.90000000105802713 3892.1000000000008
decision_type=2 2 2 2 2 2
left_child=1 4 5 -4 -1 -2
right_child=2 -3 3 -5 -6 -7
leaf_value=0.00096471597498748451 -0.00012389223556965589 0.002265223482044121 0.0023922212465549821 -8.2270166914637748e-05 -0.0010825380100868644 -0.0018855845910452662
leaf_weight=15 14.999999999999998 14.999999999999998 20 500 15 20
leaf_count=15 15 15 20 500 15 20
internal_value=2.99195e-06 0.000746922 -5.85616e-05 1.73115e-05 -6.08114e-05 -0.00115499
internal_weight=600 45 555 520 30 35
internal_count=600 45 555 520 30 35
is_linear=0
shrinkage=0.05


Tree=100
num_leaves=7
num_cat=1
split_feature=1 4 4 5 3 3
split_gain=0.0106662 0.0235867 0.0686846 0.0624545 0.0145384 0.00931481
threshold=0 0.89999999878372217 0.90000000190300378 0.19999925789734591 5126.7500000000009 12879.050000000001
decision_type=1 2 2 2 2 2
left_child=4 3 -3 -2 -1 -6
right_child=1 2 -4 -5 5 -7
leaf_value=-0.0014787295278018485 -0.0019106736296698517 0.0030129265524446967 0.00016323201081517872 0.00013755786308614429 0.00026093004251316447 -0.0007388026022220938
leaf_weight=25 42 24 138 276 57 38
leaf_count=25 42 24 138 276 57 38
internal_value=3.046e-06 0.000109892 0.000601303 -0.000138105 -0.000397911 -0.000142493
internal_weight=600 480 162 318 120 95
internal_count=600 480 162 318 120 95
cat_boundaries=0 1
cat_threshold=8
is_linear=0
shrinkage=0.05


Tree=101
num_leaves=4
num_cat=0
split_feature=5 3 3
split_gain=0.0104048 0.0164094 0.020643
threshold=0.84999937129459502 53983.500000000007 21326.200000000001
decision_type=2 2 2
left_child=1 2 -1
right_child=-2 -3 -4
leaf_value=-7.8386767818515045e-05 0.0012608347969944589 -0.0013711764614775101 0.00094108366343954744
leaf_weight=510 14.999999999999998 21 54
leaf_count=510 15 21 54
internal_value=2.84765e-06 -3.1505e-05 2.0715e-05
internal_weight=600 585 564
internal_count=600 585 564
is_linear=0
shrinkage=0.05


Tree=102
num_leaves=7
num_cat=0
split_feature=3 3 3 3 3 4
split_gain=0.0102992 0.0209757 0.0160353 0.0454812 0.0135344 0.0106001
threshold=3746.8500000000008 3217.1000000000008 4346.3000000000002 4500.3500000000013 3060.7000000000003 0.89999999971157496
decision_type=2 2 2 2 2 2
left_child=1 4 5 -4 -1 -2
right_child=2 -3 3 -5 -6 -7
leaf_value=0.00097396255005151018 -0.0018448303337208927 0.0021838204811501782 0.0022934831730145517 -8.1676832383299652e-05 -0.0010827013677044306 -0.0001108394196147428
leaf_weight=15.000000000000002 19 14.999999999999998 20 500 14.999999999999998 15.999999999999998
leaf_count=15 19 15 20 500 15 16
internal_value=2.76786e-06 0.000721768 -5.67227e-05 1.39022e-05 -5.61233e-05 -0.00107725
internal_weight=600 45 555 520 30 35
internal_count=600 45 555 520 30 35
is_linear=0
shrinkage=0.05


Tree=103
num_leaves=5
num_cat=0
split_feature=6 3 6 3
split_gain=0.00983237 0.0492515 0.0220741 0.0165621
threshold=0.55000005981420863 11611.85 0.54999940328813413 6088.6500000000024
decision_type=2 2 2 2
left_child=2 -2 3 -1
right_child=1 -3 -4 -5
leaf_value=0.00041011335481362909 0.00072973318367629606 -0.0028911922418046743 0.0017305728489238966 -0.00018630038242999682
leaf_weight=167 22 14.999999999999998 18 378
leaf_count=167 22 15 18 378
internal_value=2.82341e-06 -0.000775663 5.52697e-05 -3.12967e-06
internal_weight=600 37 563 545
internal_count=600 37 563 545
is_linear=0
shrinkage=0.05


Tree=104
num_leaves=7
num_cat=1
split_feature=0 3 3 3 3 3
split_gain=0.0104268 0.0430354 0.0809485 0.0414116 0.0525366 0.0372121
threshold=0 10469.65 9554.1500000000033 14050.250000000002 13353.450000000003 14408.500000000002
decision_type=1 2 2 2 2 2
left_child=1 2 -1 4 -2 -3
right_child=3 5 -4 -5 -6 -7
leaf_value=-0.00024291407247628308 -0.00017094570815103991 -0.0016053272317343903 0.0045171227808168627 -0.0026443878436111846 0.0027569911939281156 0.00030208080584400219
leaf_weight=20 360 30 14.999999999999998 14.999999999999998 14.999999999999998 145
leaf_count=20 360 30 15 15 15 145
internal_value=2.66502e-06 0.000278332 0.00186591 -0.000149401 -4.68073e-05 -3.21667e-05
internal_weight=600 210 35 390 375 175
internal_count=600 210 35 390 375 175
cat_boundaries=0 1
cat_threshold=9
is_linear=0
shrinkage=0.05


Tree=105
num_leaves=7
num_cat=0
split_feature=5 5 5 4 3 3
split_gain=0.00975677 0.0146837 0.0489357 0.0135793 0.0108354 0.0059581
threshold=0.74999999488503477 0.39999999840295714 0.39999999394796432 0.59999999776741275 24199.750000000004 46121.050000000003
decision_type=2 2 2 2 2 2
left_child=1 2 -1 -3 -2 -6
right_child=4 3 -4 -5 5 -7
leaf_value=-6.3986904706219235e-05 0.0011286963858047354 -0.00028598797454668041 0.0025293756374403053 -0.0017057250861240471 -0.00077547855291734734 0.000548885133706362
leaf_weight=426 37 65 18 22 15.999999999999998 15.999999999999998
leaf_count=426 37 65 18 22 16 16
internal_value=2.77408e-06 -7.02465e-05 4.65971e-05 -0.000660305 0.000557691 -0.00011673
internal_weight=600 531 444 87 69 32
internal_count=600 531 444 87 69 32
is_linear=0
shrinkage=0.05


Tree=106
num_leaves=5
num_cat=0
split_feature=3 3 3 2
split_gain=0.00956631 0.0218326 0.0725251 0.00194231
threshold=3102.3500000000004 3842.0500000000006 4125.9500000000007 0.16500000000000001
decision_type=2 2 2 2
left_child=-1 3 -3 -2
right_child=1 2 -4 -5
leaf_value=0.0010511345130258373 -0.0016192474609447853 0.0033601977280341092 -5.6470779219963253e-05 -0.0007922055395810228
leaf_weight=20 17 14.999999999999998 530 18
leaf_count=20 17 15 530 18
internal_value=2.74983e-06 -3.51483e-05 4.35479e-05 -0.00122773
internal_weight=600 580 545 35
internal_count=600 580 545 35
is_linear=0
shrinkage=0.05


Tree=107
num_leaves=6
num_cat=0
split_feature=3 3 3 3 3
split_gain=0.00957927 0.122741 0.17538 0.104008 0.0287544
threshold=16798.500000000004 14909.750000000002 14408.500000000002 18775.500000000004 23467.800000000007
decision_type=2 2 2 2 2
left_child=1 2 -1 -2 -5
right_child=3 -3 -4 4 -6
leaf_value=-0.00010863341760337395 0.0041542330989614131 -0.00383378317928873 0.0052182473591528833 -0.002130978916102322 0.00017798006917664046
leaf_weight=450 14.999999999999998 20 14.999999999999998 14.999999999999998 85
leaf_count=450 15 20 15 15 85
internal_value=2.77403e-06 -9.46732e-05 7.40307e-05 0.00041102 -0.000186033
internal_weight=600 485 465 115 100
internal_count=600 485 465 115 100
is_linear=0
shrinkage=0.05


Tree=108
num_leaves=7
num_cat=0
split_feature=3 3 3 3 3 3
split_gain=0.00963714 0.0525655 0.0437837 0.00753257 0.00641683 0.0057225
threshold=32435.700000000001 21326.200000000001 14909.750000000002 26351.250000000004 56875.350000000006 50953.600000000006
decision_type=2 2 2 2 2 2
left_child=1 2 -1 -3 5 -2
right_child=4 3 -4 -5 -6 -7
leaf_value=7.0877357773520776e-05 -0.00042813062623497987 0.0010208450268605485 -0.0015460873053044729 0.0024665641121654996 0.00020193450582155494 -0.0017266845381527674
leaf_weight=465 20 20 45 20 14.999999999999998 14.999999999999998
leaf_count=465 20 20 45 20 15 15
internal_value=2.92459e-06 6.3783e-05 -7.45424e-05 0.00178623 -0.000654642 -0.00101716
internal_weight=600 550 510 40 50 35
internal_count=600 550 510 40 50 35
is_linear=0
shrinkage=0.05


Tree=109
num_leaves=7
num_cat=1
split_feature=0 3 3 3 3 3
split_gain=0.00967674 0.0398268 0.0480133 0.0389997 0.0736174 0.0338306
threshold=0 14050.250000000002 13353.450000000003 10469.65 9554.1500000000033 14408.500000000002
decision_type=1 2 2 2 2 2
left_child=3 2 -2 4 -1 -5
right_child=1 -3 -4 5 -6 -7
leaf_value=-0.00023127478392173849 -0.00016172202474920084 -0.0025904242214892293 0.0026373300899649624 -0.0015270984145782649 0.0043081196019556954 0.00029158106363579402
leaf_weight=20 360 14.999999999999998 14.999999999999998 30 14.999999999999998 145
leaf_count=20 360 15 15 30 15 145
internal_value=2.78331e-06 -0.000143719 -4.30435e-05 0.000268344 0.00177981 -2.70978e-05
internal_weight=600 390 375 210 35 175
internal_count=600 390 375 210 35 175
cat_boundaries=0 1
cat_threshold=9
is_linear=0
shrinkage=0.05


Tree=110
num_leaves=7
num_cat=0
split_feature=3 3 3 3 4 3
split_gain=0.00969297 0.0203786 0.0163906 0.0414734 0.0117851 0.0103708
threshold=3746.8500000000008 3217.1000000000008 4346.3000000000002 4500.3500000000013 0.90000000105802713 3892.1000000000008
decision_type=2 2 2 2 2 2
left_child=1 4 5 -4 -1 -2
right_child=2 -3 3 -5 -6 -7
leaf_value=0.00089566569149610595 -7.7212345786392689e-05 0.0021415016737591944 0.0021933780373295862 -7.4721432733967818e-05 -0.0010235475027002394 -0.0018039317712897345
leaf_weight=15 14.999999999999998 14.999999999999998 20 500 15 20
leaf_count=15 15 15 20 500 15 20
internal_value=2.87097e-06 0.00070039 -5.48426e-05 1.65557e-05 -6.60035e-05 -0.00108661
internal_weight=600 45 555 520 30 35
internal_count=600 45 555 520 30 35
is_linear=0
shrinkage=0.05


Tree=111
num_leaves=7
num_cat=1
split_feature=1 4 4 5 3 3
split_gain=0.009394 0.0218554 0.0628619 0.0540354 0.0141199 0.00900811
threshold=0 0.89999999878372217 0.90000000190300378 0.19999925789734591 5126.7500000000009 12879.050000000001
decision_type=1 2 2 2 2 2
left_child=4 3 -3 -2 -1 -6
right_child=1 2 -4 -5 5 -7
leaf_value=-0.001436892175115645 -0.0017843451275122027 0.0028833062183111907 0.00015706813060042027 0.0001208496647016969 0.00027613671956150311 -0.00070688807142850691
leaf_weight=25 42 24 138 276 57 38
leaf_count=25 42 24 138 276 57 38
internal_value=2.91471e-06 0.000103185 0.000576166 -0.000135585 -0.000373373 -0.000120341
internal_weight=600 480 162 318 120 95
internal_count=600 480 162 318 120 95
cat_boundaries=0 1
cat_threshold=8
is_linear=0
shrinkage=0.05


Tree=112
num_leaves=5
num_cat=0
split_feature=3 3 3 3
split_gain=0.00921807 0.0200147 0.0400681 0.0290549
threshold=55954.850000000013 21326.200000000001 14909.750000000002 32435.700000000001
decision_type=2 2 2 2
left_child=1 2 -1 -3
right_child=-2 3 -4 -5
leaf_value=6.9664191318216954e-05 -0.0010264063514720571 0.0016924236912462043 -0.0014771678940514509 -0.00034545262216500219
leaf_weight=465 20 40 45 30
leaf_count=465 20 40 45 30
internal_value=2.72811e-06 3.99211e-05 -6.94446e-05 0.000826484
internal_weight=600 580 510 70
internal_count=600 580 510 70
is_linear=0
shrinkage=0.05


Tree=113
num_leaves=7
num_cat=1
split_feature=0 3 3 3 3 3
split_gain=0.00942711 0.0382449 0.0929315 0.0693659 0.0366416 0.107828
threshold=0 8212.2000000000025 10307.150000000001 7852.6000000000004 14909.750000000002 16798.500000000004
decision_type=1 2 2 2 2 2
left_child=4 3 -3 -2 -1 -6
right_child=1 2 -4 -5 5 -7
leaf_value=0.0011555528749819419 -3.7154525412413167e-06 -0.0030058857402764263 -2.2502323266356448e-05 0.003394245167146437 -0.003511264459008262 0.0003827241543682437
leaf_weight=75 245 35 95 14.999999999999998 20 115
leaf_count=75 245 35 95 15 20 115
internal_value=2.5013e-06 -0.00014209 -0.000842535 0.000204574 0.000264622 -0.000215739
internal_weight=600 390 130 260 210 135
internal_count=600 390 130 260 210 135
cat_boundaries=0 1
cat_threshold=9
is_linear=0
shrinkage=0.05


Tree=114
num_leaves=7
num_cat=0
split_feature=3 3 3 3 4 4
split_gain=0.00927427 0.153603 0.0977637 0.0715759 0.0234174 0.0160546
threshold=14408.500000000002 14909.750000000002 16798.500000000004 13026.700000000001 0.89999999878372217 0.89999999333529968
decision_type=2 2 2 2 2 2
left_child=3 -2 -3 4 -1 -5
right_child=1 2 -4 5 -6 -7
leaf_value=-0.0002999597876671607 0.0049738701269234301 -0.0033440613930690146 0.00036375294740568722 -0.0011150324128960309 0.00044945640844301898 -0.0033230066896875439
leaf_weight=208 14.999999999999998 20 115 18 207 17
leaf_count=208 15 20 115 18 207 17
internal_value=2.24222e-06 0.000341404 -0.000206103 -0.000111318 7.40273e-05 -0.00224999
internal_weight=600 150 135 450 415 35
internal_count=600 150 135 450 415 35
is_linear=0
shrinkage=0.05


Tree=115
num_leaves=6
num_cat=0
split_feature=3 3 3 3 3
split_gain=0.00915382 0.0408635 0.0199872 0.00653831 0.0115372
threshold=32435.700000000001 26351.250000000004 18775.500000000004 48206.900000000001 55954.850000000013
decision_type=2 2 2 2 2
left_child=1 2 -1 -2 -5
right_child=3 -3 -4 4 -6
leaf_value=5.1869800076538794e-05 -0.001477867946960032 0.0022244274691079874 -0.0012564234950038936 0.00077095741580706094 -0.0010130763054586993
leaf_weight=500 14.999999999999998 20 30 14.999999999999998 20
leaf_count=500 15 20 30 15 20
internal_value=1.93918e-06 6.12534e-05 -2.44112e-05 -0.000638925 -0.000248313
internal_weight=600 550 530 50 35
internal_count=600 550 530 50 35
is_linear=0
shrinkage=0.05


Tree=116
num_leaves=7
num_cat=1
split_feature=1 4 4 5 3 3
split_gain=0.0089345 0.0183483 0.0562871 0.0471228 0.013234 0.0079358
threshold=0 0.89999999878372217 0.90000000190300378 0.19999925789734591 5126.7500000000009 6841.5000000000009
decision_type=1 2 2 2 2 2
left_child=4 3 -3 -2 -1 -6
right_child=1 2 -4 -5 5 -7
leaf_value=-0.0013950836540271459 -0.0016587807255428891 0.0027162078600376847 0.00013659518785676719 0.00012036945455138563 0.00086222569293835588 -0.00032775238529211495
leaf_weight=25 42 24 138 276 15.999999999999998 79
leaf_count=25 42 24 138 276 16 79
internal_value=1.78397e-06 9.96063e-05 0.000533079 -0.000119076 -0.000365149 -0.000120441
internal_weight=600 480 162 318 120 95
internal_count=600 480 162 318 120 95
cat_boundaries=0 1
cat_threshold=8
is_linear=0
shrinkage=0.05


Tree=117
num_leaves=7
num_cat=0
split_feature=3 3 3 3 3 3
split_gain=0.00884831 0.0192994 0.0140003 0.0381987 0.0119126 0.00953067
threshold=3746.8500000000008 3217.1000000000008 4346.3000000000002 4500.3500000000013 3060.7000000000003 3892.1000000000008
decision_type=2 2 2 2 2 2
left_child=1 4 5 -4 -1 -2
right_child=2 -3 3 -5 -6 -7
leaf_value=0.00088998259743675577 -4.1572924237698318e-05 0.0020706330848042852 0.0021017058015180131 -7.50081985735775e-05 -0.0010396302328445019 -0.0016945745175083477
leaf_weight=15.000000000000002 14.999999999999998 14.999999999999998 20 500 14.999999999999998 20
leaf_count=15 15 15 20 500 15 20
internal_value=1.73253e-06 0.000668169 -5.34074e-05 1.25849e-05 -7.72375e-05 -0.00100698
internal_weight=600 45 555 520 30 35
internal_count=600 45 555 520 30 35
is_linear=0
shrinkage=0.05


Tree=118
num_leaves=7
num_cat=0
split_feature=3 3 3 3 3 4
split_gain=0.00896669 0.139234 0.0890605 0.063981 0.0205567 0.0145311
threshold=14408.500000000002 14909.750000000002 16798.500000000004 13026.700000000001 10011.050000000001 0.89999999333529968
decision_type=2 2 2 2 2 2
left_child=3 -2 -3 4 -1 -5
right_child=1 2 -4 5 -6 -7
leaf_value=-0.0001267313888806754 0.0047457711902097804 -0.0031811010625374149 0.00035779465226745558 -0.0010527748320447771 0.00070722722502978294 -0.0031524412653703218
leaf_weight=320 14.999999999999998 20 115 18 95 17
leaf_count=320 15 20 115 18 95 17
internal_value=1.8299e-06 0.000335321 -0.000186022 -0.000109831 6.5416e-05 -0.00213185
internal_weight=600 150 135 450 415 35
internal_count=600 150 135 450 415 35
is_linear=0
shrinkage=0.05


Tree=119
num_leaves=7
num_cat=0
split_feature=3 3 3 3 3 3
split_gain=0.00872828 0.0385407 0.0263776 0.00640128 0.00555932 0.00524129
threshold=32435.700000000001 21326.200000000001 14909.750000000002 56875.350000000006 50953.600000000006 26351.250000000004
decision_type=2 2 2 2 2 2
left_child=1 2 -1 4 -2 -3
right_child=3 5 -4 -5 -6 -7
leaf_value=5.3937389941780141e-05 -0.00040686468238986678 0.00089229715411506957 -0.0012011156252929537 0.00022981996007729322 -0.0016854259360115976 0.0021034176864694536
leaf_weight=465 20 20 45 14.999999999999998 14.999999999999998 20
leaf_count=465 20 20 45 15 15 20
internal_value=1.59678e-06 5.95164e-05 -5.89364e-05 -0.000624193 -0.000986416 0.00153439
internal_weight=600 550 510 50 35 40
internal_count=600 550 510 50 35 40
is_linear=0
shrinkage=0.05


Tree=120
num_leaves=4
num_cat=0
split_feature=8 8 8
split_gain=0.00863989 0.024429 0.0207227
threshold=0.25000038254455659 0.25000011723431842 0.24999978409546733
decision_type=2 2 2
left_child=1 2 -1
right_child=-2 -3 -4
leaf_value=3.557711267564193e-05 -0.0011096536277738565 0.0019606279907748102 -0.0016438693886524755
leaf_weight=551 15.999999999999998 14.999999999999998 18
leaf_count=551 16 15 18
internal_value=1.51578e-06 3.38036e-05 -2.0342e-05
internal_weight=600 584 569
internal_count=600 584 569
is_linear=0
shrinkage=0.05


Tree=121
num_leaves=7
num_cat=1
split_feature=0 3 3 3 3 3
split_gain=0.00845253 0.0349937 0.0513206 0.0324225 0.0660788 0.0332591
threshold=0 14050.250000000002 13353.450000000003 10469.65 9554.1500000000033 14408.500000000002
decision_type=1 2 2 2 2 2
left_child=3 2 -2 4 -1 -5
right_child=1 -3 -4 5 -6 -7
leaf_value=-0.00027474224282611563 -0.00016385854968099426 -0.0024289750494062901 0.0027299894606585442 -0.0015068766925739306 0.0040235493695945481 0.00029637157814959956
leaf_weight=20 360 14.999999999999998 14.999999999999998 30 14.999999999999998 145
leaf_count=20 360 15 15 30 15 145
internal_value=1.37699e-06 -0.000135503 -4.11519e-05 0.000249612 0.00162798 -1.95621e-05
internal_weight=600 390 375 210 35 175
internal_count=600 390 375 210 35 175
cat_boundaries=0 1
cat_threshold=9
is_linear=0
shrinkage=0.05


Tree=122
num_leaves=5
num_cat=0
split_feature=3 3 3 2
split_gain=0.00848118 0.0208353 0.0714225 0.00167534
threshold=3102.3500000000004 3842.0500000000006 4125.9500000000007 0.16500000000000001
decision_type=2 2 2 2
left_child=-1 3 -3 -2
right_child=1 2 -4 -5
leaf_value=0.00098866734243485905 -0.0015660239668149089 0.0033340687630698087 -5.6528527851535706e-05 -0.00078852978584013499
leaf_weight=20 17 14.999999999999998 530 18
leaf_count=20 17 15 530 18
internal_value=1.53073e-06 -3.41515e-05 4.27261e-05 -0.00119918
internal_weight=600 580 545 35
internal_count=600 580 545 35
is_linear=0
shrinkage=0.05


Tree=123
num_leaves=7
num_cat=0
split_feature=3 3 3 3 4 3
split_gain=0.00855099 0.0187576 0.0138614 0.0353698 0.0103019 0.00927155
threshold=3746.8500000000008 3217.1000000000008 4346.3000000000002 4500.3500000000013 0.90000000105802713 3892.1000000000008
decision_type=2 2 2 2 2 2
left_child=1 4 5 -4 -1 -2
right_child=2 -3 3 -5 -6 -7
leaf_value=0.00082161792161059575 -4.8700871411710983e-05 0.0020393972285091878 0.002023343547868232 -7.1218260587146596e-05 -0.00097283882787451152 -0.0016796153681796222
leaf_weight=15 14.999999999999998 14.999999999999998 20 500 15 20
leaf_count=15 15 15 20 500 15 20
internal_value=1.61323e-06 0.000656757 -5.25922e-05 1.30708e-05 -7.80495e-05 -0.00100142
internal_weight=600 45 555 520 30 35
internal_count=600 45 555 520 30 35
is_linear=0
shrinkage=0.05


Tree=124
num_leaves=4
num_cat=0
split_feature=3 3 3
split_gain=0.00835028 0.0164481 0.0202388
threshold=55954.850000000013 46121.050000000003 30578.650000000005
decision_type=2 2 2
left_child=1 2 -1
right_child=-2 -3 -4
leaf_value=3.7006361230601466e-05 -0.00097778637621862203 0.0014109131927225031 -0.001767154029221274
leaf_weight=545 20 20 14.999999999999998
leaf_count=545 20 20 15
internal_value=1.70827e-06 3.71088e-05 -1.43832e-05
internal_weight=600 580 560
internal_count=600 580 560
is_linear=0
shrinkage=0.05


Tree=125
num_leaves=7
num_cat=0
split_feature=3 3 3 3 4 4
split_gain=0.00845449 0.127466 0.0781926 0.0582304 0.0201506 0.0131447
threshold=14408.500000000002 14909.750000000002 16798.500000000004 13026.700000000001 0.89999999878372217 0.89999999333529968
decision_type=2 2 2 2 2 2
left_child=3 -2 -3 4 -1 -5
right_child=1 2 -4 5 -6 -7
leaf_value=-0.00028661580714321939 0.004545278297155164 -0.0029799114469261398 0.00033603608056276653 -0.0010089513796724772 0.0004085568430197712 -0.0030068364572798604
leaf_weight=208 14.999999999999998 20 115 18 207 17
leaf_count=208 15 20 115 18 207 17
internal_value=1.51495e-06 0.000325341 -0.000173514 -0.000106909 6.02815e-05 -0.00203592
internal_weight=600 150 135 450 415 35
internal_count=600 150 135 450 415 35
is_linear=0
shrinkage=0.05


Tree=126
num_leaves=7
num_cat=0
split_feature=3 3 3 3 3 3
split_gain=0.0083952 0.0340403 0.0229478 0.00637943 0.00535939 0.00498351
threshold=32435.700000000001 21326.200000000001 17899.400000000005 56875.350000000006 50953.600000000006 26351.250000000004
decision_type=2 2 2 2 2 2
left_child=1 2 -1 4 -2 -3
right_child=3 5 -4 -5 -6 -7
leaf_value=6.9776431293957422e-06 -0.00040473386290527529 0.00082231907872483141 -0.0019169371487805622 0.00023955721626407468 -0.0016605583805358037 0.001997245246699701
leaf_weight=495 20 20 14.999999999999998 14.999999999999998 14.999999999999998 20
leaf_count=495 20 20 15 15 15 20
internal_value=1.27344e-06 5.80776e-05 -5.32487e-05 -0.000612459 -0.000974121 0.00144417
internal_weight=600 550 510 50 35 40
internal_count=600 550 510 50 35 40
is_linear=0
shrinkage=0.05


Tree=127
num_leaves=7
num_cat=1
split_feature=1 4 4 5 3 3
split_gain=0.00825528 0.015735 0.0506254 0.0412262 0.0127045 0.00712456
threshold=0 0.89999999878372217 0.90000000190300378 0.19999925789734591 5126.7500000000009 6841.5000000000009
decision_type=1 2 2 2 2 2
left_child=4 3 -3 -2 -1 -6
right_child=1 2 -4 -5 5 -7
leaf_value=-0.0013601375072119903 -0.0015474323611056736 0.0025670638624578717 0.0001207127034615578 0.00011667542232976878 0.00081968426649623057 -0.00030781185851083139
leaf_weight=25 42 24 138 276 15.999999999999998 79
leaf_count=25 42 24 138 276 16 79
internal_value=1.13356e-06 9.51836e-05 0.000496661 -0.000107274 -0.000351556 -0.000111357
internal_weight=600 480 162 318 120 95
internal_count=600 480 162 318 120 95
cat_boundaries=0 1
cat_threshold=8
is_linear=0
shrinkage=0.05


Tree=128
num_leaves=7
num_cat=1
split_feature=0 3 3 3 3 3
split_gain=0.00798021 0.0312454 0.0504896 0.0299171 0.0444579 0.0211524
threshold=0 14050.250000000002 13353.450000000003 10167.050000000001 10868.550000000001 8485.8000000000011
decision_type=1 2 2 2 2 2
left_child=3 2 -2 5 -5 -1
right_child=1 -3 -4 4 -6 -7
leaf_value=0.00031703408749308428 -0.0001645187955024624 -0.002299146860605106 0.0027058065445089599 -0.0025104618881414357 0.00024926453740141391 0.0029543313123213013
leaf_weight=15.000000000000002 360 14.999999999999998 14.999999999999998 14.999999999999998 165 14.999999999999998
leaf_count=15 360 15 15 15 165 15
internal_value=1.11088e-06 -0.000131882 -4.28148e-05 0.000242318 6.68797e-06 0.00168845
internal_weight=600 390 375 210 180 30
internal_count=600 390 375 210 180 30
cat_boundaries=0 1
cat_threshold=9
is_linear=0
shrinkage=0.05


Tree=129
num_leaves=7
num_cat=0
split_feature=3 3 3 3 3 3
split_gain=0.00798636 0.0301779 0.0214952 0.00584766 0.010256 0.00453489
threshold=32435.700000000001 21326.200000000001 14909.750000000002 48206.900000000001 55954.850000000013 26351.250000000004
decision_type=2 2 2 2 2 2
left_child=1 2 -1 -2 -5 -3
right_child=3 5 -4 4 -6 -7
leaf_value=5.3622867462880786e-05 -0.0013907554093748331 0.00076973948993587071 -0.0010793346263792203 0.00073254119779448963 -0.00094943534169856104 0.0018887169287717415
leaf_weight=465 14.999999999999998 20 45 14.999999999999998 20 20
leaf_count=465 15 20 45 15 20 20
internal_value=1.15953e-06 5.65634e-05 -4.82605e-05 -0.000597443 -0.000228263 0.00136165
internal_weight=600 550 510 50 35 40
internal_count=600 550 510 50 35 40
is_linear=0
shrinkage=0.05


Tree=130
num_leaves=7
num_cat=0
split_feature=3 3 3 3 3 4
split_gain=0.00789187 0.0173881 0.0120387 0.0325203 0.0101653 0.00867391
threshold=3746.8500000000008 3217.1000000000008 4346.3000000000002 4500.3500000000013 3060.7000000000003 0.89999999971157496
decision_type=2 2 2 2 2 2
left_child=1 4 5 -4 -1 -2
right_child=2 -3 3 -5 -6 -7
leaf_value=0.00081673919921740877 -0.0016294656461104751 0.0019617063055193287 0.0019378277611741353 -7.05905693876901e-05 -0.00096578046504873787 -6.3444301486015323e-05
leaf_weight=15.000000000000002 19 14.999999999999998 20 500 14.999999999999998 15.999999999999998
leaf_count=15 19 15 20 500 15 16
internal_value=1.10363e-06 0.000630492 -5.09701e-05 1.02275e-05 -7.69245e-05 -0.000935219
internal_weight=600 45 555 520 30 35
internal_count=600 45 555 520 30 35
is_linear=0
shrinkage=0.05


Tree=131
num_leaves=7
num_cat=0
split_feature=3 3 3 3 3 4
split_gain=0.00782655 0.117506 0.0685087 0.0536257 0.0202713 0.0115915
threshold=14408.500000000002 14909.750000000002 16798.500000000004 13026.700000000001 10011.050000000001 0.89999999333529968
decision_type=2 2 2 2 2 2
left_child=3 -2 -3 4 -1 -5
right_child=1 2 -4 5 -6 -7
leaf_value=-0.00013344921068305794 0.0043644943740218881 -0.0027930441445537975 0.00031079466275043855 -0.00098650659385480371 0.00069469217952852595 -0.0028672402443286654
leaf_weight=320 14.999999999999998 20 115 18 95 17
leaf_count=320 15 20 115 18 95 17
internal_value=1.21375e-06 0.000312783 -0.000166189 -0.000103106 5.73395e-05 -0.00195428
internal_weight=600 150 135 450 415 35
internal_count=600 150 135 450 415 35
is_linear=0
shrinkage=0.05


Tree=132
num_leaves=4
num_cat=0
split_feature=8 8 8
split_gain=0.00783457 0.0211962 0.0180217
threshold=0.25000038254455659 0.25000011723431842 0.24999978409546733
decision_type=2 2 2
left_child=1 2 -1
right_child=-2 -3 -4
leaf_value=3.3493469696174769e-05 -0.0010570810532526057 0.0018265934893861415 -0.0015326860262767266
leaf_weight=551 15.999999999999998 14.999999999999998 18
leaf_count=551 16 15 18
internal_value=1.03574e-06 3.17827e-05 -1.86538e-05
internal_weight=600 584 569
internal_count=600 584 569
is_linear=0
shrinkage=0.05


Tree=133
num_leaves=7
num_cat=0
split_feature=3 3 3 3 3 3
split_gain=0.00758812 0.0267413 0.020488 0.00605483 0.00529784 0.00412673
threshold=32435.700000000001 21326.200000000001 17899.400000000005 56875.350000000006 50953.600000000006 26351.250000000004
decision_type=2 2 2 2 2 2
left_child=1 2 -1 4 -2 -3
right_child=3 5 -4 -5 -6 -7
leaf_value=1.3144025539194474e-05 -0.0003709663503936359 0.00072005201086756737 -0.001804723546956666 0.00024679142225068066 -0.0016168179907253945 0.0017857447920721912
leaf_weight=495 20 20 14.999999999999998 14.999999999999998 14.999999999999998 20
leaf_count=495 20 20 15 15 15 20
internal_value=9.23252e-07 5.49285e-05 -4.37498e-05 -0.000582563 -0.000934983 0.00128346
internal_weight=600 550 510 50 35 40
internal_count=600 550 510 50 35 40
is_linear=0
shrinkage=0.05


Tree=134
num_leaves=7
num_cat=1
split_feature=1 4 4 4 3 3
split_gain=0.00751543 0.0141267 0.0462347 0.0368297 0.0118403 0.00659756
threshold=0 0.89999999878372217 0.90000000190300378 0.60000002187445978 5126.7500000000009 6841.5000000000009
decision_type=1 2 2 2 2 2
left_child=4 3 -3 -2 -1 -6
right_child=1 2 -4 -5 5 -7
leaf_value=-0.0013090723964314047 0.00010178295299348455 0.0024495292361825707 0.00011170305929979203 -0.0015202489739749581 0.00079232033835176154 -0.00029264992292155512
leaf_weight=25 279 24 138 39 15.999999999999998 79
leaf_count=25 279 24 138 39 16 79
internal_value=7.9167e-07 9.05381e-05 0.000470951 -0.000101288 -0.000335713 -0.000103568
internal_weight=600 480 162 318 120 95
internal_count=600 480 162 318 120 95
cat_boundaries=0 1
cat_threshold=8
is_linear=0
shrinkage=0.05


Tree=135
num_leaves=4
num_cat=0
split_feature=2 3 3
split_gain=0.00850543 0.0160562 0.025067
threshold=0.53500000000000014 3102.3500000000004 3842.0500000000006
decision_type=2 2 2
left_child=1 -1 -3
right_child=-2 2 -4
leaf_value=0.0015134631720785466 -0.00081987016679098206 -0.0013404431539873424 8.0415038617878069e-05
leaf_weight=17 29 32 522
leaf_count=17 29 32 522
internal_value=7.79822e-07 4.38195e-05 -3.92353e-06
internal_weight=600 571 554
internal_count=600 571 554
is_linear=0
shrinkage=0.05


Tree=136
num_leaves=4
num_cat=0
split_feature=2 3 3
split_gain=0.00770215 0.0145777 0.0226913
threshold=0.53500000000000014 3102.3500000000004 3842.0500000000006
decision_type=2 2 2
left_child=1 -1 -3
right_child=-2 2 -4
leaf_value=0.0014419941335088679 -0.0007802431068072717 -0.0012754520105028695 7.6401961185385329e-05
leaf_weight=17 29 32 522
leaf_count=17 29 32 522
internal_value=6.93695e-07 4.16507e-05 -3.84088e-06
internal_weight=600 571 554
internal_count=600 571 554
is_linear=0
shrinkage=0.05


Tree=137
num_leaves=7
num_cat=0
split_feature=3 3 3 3 3 3
split_gain=0.00793548 0.035994 0.0308162 0.0299335 0.0219636 0.00262857
threshold=6088.6500000000024 7190.8000000000002 5949.2500000000009 8212.2000000000025 5528.800000000002 6705.4000000000015
decision_type=2 2 2 2 2 2
left_child=2 5 4 -3 -1 -2
right_child=1 3 -4 -5 -6 -7
leaf_value=0.00029089554824566544 -0.0021562092342719552 0.0010919286699001011 0.0023726354644168172 -0.00015803594784944788 -0.0014385845489977372 -0.0011520092164920201
leaf_weight=145 14.999999999999998 55 14.999999999999998 330 20 20
leaf_count=145 15 55 15 330 20 20
internal_value=6.14322e-07 -0.000118417 0.000277473 2.28966e-05 7.38583e-05 -0.00163032
internal_weight=600 420 180 385 165 35
internal_count=600 420 180 385 165 35
is_linear=0
shrinkage=0.05


Tree=138
num_leaves=7
num_cat=1
split_feature=3 3 0 3 3 4
split_gain=0.0075204 0.0186831 0.0108883 0.027129 0.0253737 0.00887675
threshold=3746.8500000000008 3217.1000000000008 0 10469.65 14050.250000000002 0.90000000105802713
decision_type=2 2 1 2 2 2
left_child=1 5 4 -4 -2 -1
right_child=2 -3 3 -5 -6 -7
leaf_value=0.0007194656529463828 -0.00013146582679447418 0.0019948948451201432 0.0014882104649182617 -1.884186261701292e-05 -0.0021709821623517203 -0.00094656205037608749
leaf_weight=15 330 14.999999999999998 35 175 14.999999999999998 15
leaf_count=15 330 15 35 175 15 15
internal_value=4.87988e-07 0.000614886 -5.03444e-05 0.000227418 -0.000219806 -0.000117211
internal_weight=600 45 555 210 345 30
internal_count=600 45 555 210 345 30
cat_boundaries=0 1
cat_threshold=6
is_linear=0
shrinkage=0.05


Tree=139
num_leaves=7
num_cat=0
split_feature=3 3 3 3 3 3
split_gain=0.00793473 0.122182 0.0453788 0.0629863 0.0620711 0.0199038
threshold=13353.450000000003 12879.050000000001 14909.750000000002 14408.500000000002 16798.500000000004 10011.050000000001
decision_type=2 2 2 2 2 2
left_child=1 5 3 -2 -4 -1
right_child=2 -3 4 -5 -6 -7
leaf_value=-0.00013414931307583787 0.0001654084916271341 -0.004402639821637422 -0.0026587633870630749 0.0041898800787748772 0.00029564929277041993 0.00070362113759044444
leaf_weight=320 25 14.999999999999998 20 14.999999999999998 115 90
leaf_count=320 25 15 20 15 115 90
internal_value=5.41341e-07 -0.000116138 0.000282954 0.00173997 -0.000158373 5.1016e-05
internal_weight=600 425 175 40 135 410
internal_count=600 425 175 40 135 410
is_linear=0
shrinkage=0.05


Tree=140
num_leaves=6
num_cat=0
split_feature=3 3 3 3 5
split_gain=0.0074005 0.0384717 0.0274962 0.0213896 0.0213771
threshold=6335.1500000000005 7190.8000000000002 8212.2000000000025 5949.2500000000009 0.3999999806804842
decision_type=2 2 2 2 2
left_child=3 -2 -3 4 -1
right_child=1 2 -4 -5 -6
leaf_value=-0.00029416746766262316 -0.0018113725982050622 0.0010441200766113721 -0.00015387573860461891 0.0017655668436505256 0.00094829762725121512
leaf_weight=117 30 55 330 20 48
leaf_count=117 30 55 330 20 48
internal_value=3.61116e-07 -0.000116862 1.95281e-05 0.000262536 7.08122e-05
internal_weight=600 415 385 185 165
internal_count=600 415 385 185 165
is_linear=0
shrinkage=0.05


Tree=141
num_leaves=7
num_cat=0
split_feature=3 3 3 3 3 3
split_gain=0.00760896 0.110437 0.041228 0.0572106 0.0562901 0.0186252
threshold=13353.450000000003 12879.050000000001 14909.750000000002 14408.500000000002 16798.500000000004 10011.050000000001
decision_type=2 2 2 2 2 2
left_child=1 5 3 -2 -4 -1
right_child=2 -3 4 -5 -6 -7
leaf_value=-0.00013397422653073127 0.00016485403186659544 -0.0041890532185789196 -0.002524828205683402 0.0040006923751207072 0.00028862175647097096 0.00067643588767028772
leaf_weight=320 25 14.999999999999998 20 14.999999999999998 115 90
leaf_count=320 25 15 20 15 115 90
internal_value=4.67724e-07 -0.000113791 0.000277023 0.00166579 -0.000143686 4.51337e-05
internal_weight=600 425 175 40 135 410
internal_count=600 425 175 40 135 410
is_linear=0
shrinkage=0.05


Tree=142
num_leaves=4
num_cat=0
split_feature=3 3 3
split_gain=0.00749297 0.0154995 0.0200878
threshold=55954.850000000013 46121.050000000003 30578.650000000005
decision_type=2 2 2
left_child=1 2 -1
right_child=-2 -3 -4
leaf_value=3.5057164621074605e-05 -0.00092754796011528624 0.001367442236958249 -0.0017623622232349591
leaf_weight=545 20 20 14.999999999999998
leaf_count=545 20 20 15
internal_value=3.01491e-07 3.38377e-05 -1.61436e-05
internal_weight=600 580 560
internal_count=600 580 560
is_linear=0
shrinkage=0.05


Tree=143
num_leaves=7
num_cat=0
split_feature=3 3 3 3 3 3
split_gain=0.00737017 0.0328452 0.0348963 0.0254506 0.0420567 0.0190448
threshold=4824.5000000000009 5126.7500000000009 5368.9500000000016 3842.0500000000006 4125.9500000000007 3102.3500000000004
decision_type=2 2 2 2 2 2
left_child=3 -2 -3 5 -5 -1
right_child=1 2 -4 4 -6 -7
leaf_value=0.00081567460937159416 -0.002311193749483209 0.0022876566763443407 -8.7587989795646974e-05 0.003286522615235299 0.00024633470400259268 -0.0010819677904591017
leaf_weight=20 14.999999999999998 14.999999999999998 460 14.999999999999998 40 35
leaf_count=20 15 15 460 15 40 35
internal_value=1.79292e-07 -8.30034e-05 -7.93184e-06 0.00036813 0.00111936 -0.000389673
internal_weight=600 490 475 110 55 55
internal_count=600 490 475 110 55 55
is_linear=0
shrinkage=0.05


Tree=144
num_leaves=6
num_cat=0
split_feature=3 3 3 5 4
split_gain=0.00733101 0.100031 0.0406081 0.0246933 0.0174765
threshold=13353.450000000003 12879.050000000001 14050.250000000002 0.2000000963894733 0.89999999824226029
decision_type=2 2 2 2 2
left_child=1 4 -2 -4 -1
right_child=2 -3 3 -5 -6
leaf_value=-0.00029098731386068103 0.0026736098092442263 -0.0039902289194287737 -0.00062534494785435719 0.00061164030569692165 0.00036039053485840207
leaf_weight=202 14.999999999999998 14.999999999999998 75 85 208
leaf_count=202 15 15 75 85 208
internal_value=4.32848e-07 -0.000111719 0.00027189 3.15208e-05 3.95406e-05
internal_weight=600 425 175 160 410
internal_count=600 425 175 160 410
is_linear=0
shrinkage=0.05


Tree=145
num_leaves=4
num_cat=0
split_feature=2 3 3
split_gain=0.00721543 0.0122703 0.0202086
threshold=0.53500000000000014 3102.3500000000004 3842.0500000000006
decision_type=2 2 2
left_child=1 -1 -3
right_child=-2 2 -4
leaf_value=0.0013246973898882668 -0.00075555202861626956 -0.0012018232251813806 7.3931663108108808e-05
leaf_weight=17 29 32 522
leaf_count=17 29 32 522
internal_value=3.06299e-07 3.99487e-05 -1.79082e-06
internal_weight=600 571 554
internal_count=600 571 554
is_linear=0
shrinkage=0.05


Tree=146
num_leaves=7
num_cat=0
split_feature=3 3 3 3 3 4
split_gain=0.00741531 0.0192777 0.0103575 0.0298633 0.0107984 0.00785747
threshold=3746.8500000000008 3217.1000000000008 4346.3000000000002 4500.3500000000013 3892.1000000000008 0.90000000105802713
decision_type=2 2 2 2 2 2
left_child=1 5 4 -4 -2 -1
right_child=2 -3 3 -5 -6 -7
leaf_value=0.00065510049462318425 0.00014496837975457312 0.0020121864828979599 0.0018537229048975166 -7.0901749488271864e-05 -0.001602589800244286 -0.00091257200110703715
leaf_weight=15 14.999999999999998 14.999999999999998 20 500 20 15
leaf_count=15 15 15 20 500 20 15
internal_value=2.44513e-07 0.000610336 -5.02311e-05 6.5382e-06 -0.000870414 -0.000132889
internal_weight=600 45 555 520 35 30
internal_count=600 45 555 520 35 30
is_linear=0
shrinkage=0.05


Tree=147
num_leaves=7
num_cat=0
split_feature=3 3 3 3 3 3
split_gain=0.00719629 0.0240293 0.0378452 0.00629673 0.00599409 0.00515719
threshold=32435.700000000001 17031.750000000004 15632.550000000005 26351.250000000004 56875.350000000006 50953.600000000006
decision_type=2 2 2 2 2 2
left_child=1 2 -1 -3 5 -2
right_child=4 3 -4 -5 -6 -7
leaf_value=2.9349089505759188e-05 -0.00036229850458247324 0.00060143675257610843 -0.0021400867234790764 0.0016981756913342647 0.00025678767597128174 -0.0015911834736471065
leaf_weight=470 20 40 20 20 14.999999999999998 14.999999999999998
leaf_count=470 20 40 20 20 15 15
internal_value=4.05316e-07 5.29985e-05 -6.33776e-05 0.000988862 -0.000567816 -0.000918533
internal_weight=600 550 490 60 50 35
internal_count=600 550 490 60 50 35
is_linear=0
shrinkage=0.05


Tree=148
num_leaves=6
num_cat=0
split_feature=3 3 3 5 3
split_gain=0.00681278 0.0908796 0.0367512 0.0220876 0.0171784
threshold=13353.450000000003 12879.050000000001 14050.250000000002 0.2000000963894733 10011.050000000001
decision_type=2 2 2 2 2
left_child=1 4 -2 -4 -1
right_child=2 -3 3 -5 -6
leaf_value=-0.00013566997783139606 0.0025467665564974599 -0.0038047046793508346 -0.00058800819250264848 0.00058189434852846359 0.00064262418581075606
leaf_weight=320 14.999999999999998 14.999999999999998 75 85 90
leaf_count=320 15 15 75 85 90
internal_value=2.596e-07 -0.000107856 0.000261946 3.32565e-05 3.6323e-05
internal_weight=600 425 175 160 410
internal_count=600 425 175 160 410
is_linear=0
shrinkage=0.05


Tree=149
num_leaves=7
num_cat=1
split_feature=3 3 0 3 3 4
split_gain=0.0068586 0.0175076 0.0100358 0.0257331 0.0254549 0.00713859
threshold=3746.8500000000008 3217.1000000000008 0 18775.500000000004 14050.250000000002 0.90000000105802713
decision_type=2 2 1 2 2 2
left_child=1 5 4 -4 -2 -1
right_child=2 -3 3 -5 -6 -7
leaf_value=0.00062937643378973012 -0.00012233755463282917 0.0019228489789384186 0.00075325803341370749 -0.00035015261566495793 -0.0021650469076121225 -0.0008648113231174648
leaf_weight=15 330 14.999999999999998 110 100 14.999999999999998 15
leaf_count=15 330 15 110 100 15 15
internal_value=1.83647e-07 0.000586927 -4.83602e-05 0.000218309 -0.000211052 -0.000121515
internal_weight=600 45 555 210 345 30
internal_count=600 45 555 210 345 30
cat_boundaries=0 1
cat_threshold=6
is_linear=0
shrinkage=0.05


end of trees

feature_importances:
output_tonnes_per_year=661
share_grid_electricity=49
share_natural_gas=38
sector=28
share_biomass=10
process_kind=6
share_of_energy=5
share_coal=4
share_pet_coke=3

parameters:
[boosting: gbdt]
[objective: regression]
[metric: l2]
[tree_learner: serial]
[device_type: cpu]
[data_sample_strategy: bagging]
[data: ]
[valid: ]
[num_iterations: 150]
[learning_rate: 0.05]
[num_leaves: 7]
[num_threads: 8]
[seed: 0]
[deterministic: 0]
[force_col_wise: 0]
[force_row_wise: 0]
[histogram_pool_size: -1]
[max_depth: 3]
[min_data_in_leaf: 15]
[min_sum_hessian_in_leaf: 0.001]
[bagging_fraction: 1]
[pos_bagging_fraction: 1]
[neg_bagging_fraction: 1]
[bagging_freq: 0]
[bagging_seed: 3]
[bagging_by_query: 0]
[feature_fraction: 1]
[feature_fraction_bynode: 1]
[feature_fraction_seed: 2]
[extra_trees: 0]
[extra_seed: 6]
[early_stopping_round: 0]
[early_stopping_min_delta: 0]
[first_metric_only: 0]
[max_delta_step: 0]
[lambda_l1: 0]
[lambda_l2: 1]
[linear_lambda: 0]
[min_gain_to_split: 0]
[drop_rate: 0.1]
[max_drop: 50]
[skip_drop: 0.5]
[xgboost_dart_mode: 0]
[uniform_drop: 0]
[drop_seed: 4]
[top_rate: 0.2]
[other_rate: 0.1]
[min_data_per_group: 100]
[max_cat_threshold: 32]
[cat_l2: 10]
[cat_smooth: 10]
[max_cat_to_onehot: 4]
[top_k: 20]
[monotone_constraints: ]
[monotone_constraints_method: basic]
[monotone_penalty: 0]
[feature_contri: ]
[forcedsplits_filename: ]
[refit_decay_rate: 0.9]
[cegb_tradeoff: 1]
[cegb_penalty_split: 0]
[cegb_penalty_feature_lazy: ]
[cegb_penalty_feature_coupled: ]
[path_smooth: 0]
[interaction_constraints: ]
[verbosity: -1]
[saved_feature_importance_type: 0]
[use_quantized_grad: 0]
[num_grad_quant_bins: 4]
[quant_train_renew_leaf: 0]
[stochastic_rounding: 1]
[linear_tree: 0]
[max_bin: 255]
[max_bin_by_feature: ]
[min_data_in_bin: 3]
[bin_construct_sample_cnt: 200000]
[data_random_seed: 1]
[is_enable_sparse: 1]
[enable_bundle: 1]
[use_missing: 1]
[zero_as_missing: 0]
[feature_pre_filter: 1]
[pre_partition: 0]
[two_round: 0]
[header: 0]
[label_column: ]
[weight_column: ]
[group_column: ]
[ignore_column: ]
[categorical_feature: 0,1]
[forcedbins_filename: ]
[precise_float_parser: 0]
[parser_config_file: ]
[objective_seed: 5]
[num_class: 1]
[is_unbalance: 0]
[scale_pos_weight: 1]
[sigmoid: 1]
[boost_from_average: 1]
[reg_sqrt: 0]
[alpha: 0.9]
[fair_c: 1]
[poisson_max_delta_step: 0.7]
[tweedie_variance_power: 1.5]
[lambdarank_truncation_level: 30]
[lambdarank_norm: 1]
[label_gain: ]
[lambdarank_position_bias_regularization: 0]
[eval_at: ]
[multi_error_top_k: 1]
[auc_mu_weights: ]
[num_machines: 1]
[local_listen_port: 12400]
[time_out: 120]
[machine_list_filename: ]
[machines: ]
[gpu_platform_id: -1]
[gpu_device_id: -1]
[gpu_device_id_list: ]
[gpu_use_dp: 0]
[num_gpu: 1]

end of parameters

pandas_categorical:[["Ceramics", "Chemicals", "Engineering", "Textiles"], ["boiler", "compressor", "dryer", "effluent", "furnace", "generic", "kiln"]]
